,ORIGIN_AIRPORT,delay,date
0,ABE,1,2015-12-18
1,ABI,5,2015-12-18
2,ABQ,24,2015-12-18
3,ABY,1,2015-12-18
4,ACT,3,2015-12-18
5,ACY,6,2015-12-18
6,AEX,8,2015-12-18
7,AGS,4,2015-12-18
8,ALB,19,2015-12-18
9,ALO,2,2015-12-18
10,AMA,4,2015-12-18
11,ANC,35,2015-12-18
12,APN,1,2015-12-18
13,ASE,14,2015-12-18
14,ATL,527,2015-12-18
15,ATW,4,2015-12-18
16,AUS,54,2015-12-18
17,AVL,4,2015-12-18
18,AVP,3,2015-12-18
19,AZO,5,2015-12-18
20,BDL,40,2015-12-18
21,BET,1,2015-12-18
22,BFL,3,2015-12-18
23,BGM,2,2015-12-18
24,BHM,18,2015-12-18
25,BIL,3,2015-12-18
26,BIS,4,2015-12-18
27,BJI,2,2015-12-18
28,BLI,1,2015-12-18
29,BMI,7,2015-12-18
30,BNA,67,2015-12-18
31,BOI,27,2015-12-18
32,BOS,170,2015-12-18
33,BPT,1,2015-12-18
34,BQK,3,2015-12-18
35,BQN,1,2015-12-18
36,BRD,2,2015-12-18
37,BRO,7,2015-12-18
38,BRW,2,2015-12-18
39,BTM,2,2015-12-18
40,BTR,19,2015-12-18
41,BTV,8,2015-12-18
42,BUF,30,2015-12-18
43,BUR,26,2015-12-18
44,BWI,93,2015-12-18
45,BZN,11,2015-12-18
46,CAE,11,2015-12-18
47,CAK,12,2015-12-18
48,CDC,1,2015-12-18
49,CDV,2,2015-12-18
50,CHA,9,2015-12-18
51,CHO,4,2015-12-18
52,CHS,13,2015-12-18
53,CID,16,2015-12-18
54,CLE,59,2015-12-18
55,CLL,3,2015-12-18
56,CLT,133,2015-12-18
57,CMH,32,2015-12-18
58,CMI,5,2015-12-18
59,CMX,2,2015-12-18
60,COS,10,2015-12-18
61,COU,3,2015-12-18
62,CPR,3,2015-12-18
63,CRP,8,2015-12-18
64,CRW,3,2015-12-18
65,CSG,1,2015-12-18
66,CVG,37,2015-12-18
67,CWA,4,2015-12-18
68,DAB,3,2015-12-18
69,DAL,62,2015-12-18
70,DAY,13,2015-12-18
71,DBQ,2,2015-12-18
72,DCA,122,2015-12-18
73,DEN,238,2015-12-18
74,DFW,412,2015-12-18
75,DHN,3,2015-12-18
76,DLH,3,2015-12-18
77,DRO,5,2015-12-18
78,DSM,19,2015-12-18
79,DTW,196,2015-12-18
80,DVL,1,2015-12-18
81,EAU,1,2015-12-18
82,ECP,9,2015-12-18
83,EGE,7,2015-12-18
84,EKO,1,2015-12-18
85,ELM,4,2015-12-18
86,ELP,24,2015-12-18
87,ERI,1,2015-12-18
88,ESC,1,2015-12-18
89,EUG,3,2015-12-18
90,EVV,8,2015-12-18
91,EWN,1,2015-12-18
92,EWR,153,2015-12-18
93,EYW,1,2015-12-18
94,FAI,3,2015-12-18
95,FAR,12,2015-12-18
96,FAT,11,2015-12-18
97,FAY,1,2015-12-18
98,FCA,3,2015-12-18
99,FLG,2,2015-12-18
100,FLL,95,2015-12-18
101,FNT,9,2015-12-18
102,FSD,7,2015-12-18
103,FSM,4,2015-12-18
104,FWA,13,2015-12-18
105,GCC,2,2015-12-18
106,GCK,2,2015-12-18
107,GEG,6,2015-12-18
108,GFK,4,2015-12-18
109,GGG,2,2015-12-18
110,GJT,5,2015-12-18
111,GNV,5,2015-12-18
112,GPT,7,2015-12-18
113,GRB,9,2015-12-18
114,GRI,2,2015-12-18
115,GRK,7,2015-12-18
116,GRR,21,2015-12-18
117,GSO,10,2015-12-18
118,GSP,14,2015-12-18
119,GTF,5,2015-12-18
120,GTR,2,2015-12-18
121,GUC,3,2015-12-18
122,HDN,5,2015-12-18
123,HIB,2,2015-12-18
124,HLN,3,2015-12-18
125,HNL,57,2015-12-18
126,HOB,2,2015-12-18
127,HOU,47,2015-12-18
128,HPN,8,2015-12-18
129,HRL,7,2015-12-18
130,HSV,6,2015-12-18
131,HYS,1,2015-12-18
132,IAD,59,2015-12-18
133,IAH,229,2015-12-18
134,ICT,20,2015-12-18
135,IDA,7,2015-12-18
136,ILM,5,2015-12-18
137,IMT,1,2015-12-18
138,IND,45,2015-12-18
139,INL,2,2015-12-18
140,ISN,3,2015-12-18
141,ISP,6,2015-12-18
142,ITO,8,2015-12-18
143,JAC,9,2015-12-18
144,JAN,15,2015-12-18
145,JAX,23,2015-12-18
146,JFK,110,2015-12-18
147,JLN,2,2015-12-18
148,JMS,1,2015-12-18
149,JNU,8,2015-12-18
150,KOA,20,2015-12-18
151,KTN,6,2015-12-18
152,LAN,3,2015-12-18
153,LAS,177,2015-12-18
154,LAW,4,2015-12-18
155,LAX,192,2015-12-18
156,LBB,12,2015-12-18
157,LBE,1,2015-12-18
158,LCH,5,2015-12-18
159,LEX,8,2015-12-18
160,LFT,10,2015-12-18
161,LGA,143,2015-12-18
162,LGB,14,2015-12-18
163,LIH,23,2015-12-18
164,LIT,21,2015-12-18
165,LNK,5,2015-12-18
166,LRD,4,2015-12-18
167,LSE,6,2015-12-18
168,LWS,2,2015-12-18
169,MAF,16,2015-12-18
170,MBS,3,2015-12-18
171,MCI,40,2015-12-18
172,MCO,158,2015-12-18
173,MDT,7,2015-12-18
174,MDW,73,2015-12-18
175,MEI,1,2015-12-18
176,MEM,30,2015-12-18
177,MFE,5,2015-12-18
178,MFR,4,2015-12-18
179,MGM,7,2015-12-18
180,MHK,4,2015-12-18
181,MHT,12,2015-12-18
182,MIA,71,2015-12-18
183,MKE,54,2015-12-18
184,MKG,1,2015-12-18
185,MLB,2,2015-12-18
186,MLI,7,2015-12-18
187,MLU,8,2015-12-18
188,MOB,10,2015-12-18
189,MOT,1,2015-12-18
190,MQT,1,2015-12-18
191,MRY,4,2015-12-18
192,MSN,22,2015-12-18
193,MSO,2,2015-12-18
194,MSP,176,2015-12-18
195,MSY,56,2015-12-18
196,MTJ,3,2015-12-18
197,MYR,1,2015-12-18
198,OAJ,2,2015-12-18
199,OAK,27,2015-12-18
200,OGG,25,2015-12-18
201,OKC,28,2015-12-18
202,OMA,27,2015-12-18
203,OME,1,2015-12-18
204,ONT,22,2015-12-18
205,ORD,431,2015-12-18
206,ORF,12,2015-12-18
207,ORH,2,2015-12-18
208,PAH,2,2015-12-18
209,PBI,12,2015-12-18
210,PDX,83,2015-12-18
211,PHF,2,2015-12-18
212,PHL,116,2015-12-18
213,PHX,225,2015-12-18
214,PIA,8,2015-12-18
215,PIB,1,2015-12-18
216,PIH,1,2015-12-18
217,PIT,41,2015-12-18
218,PNS,13,2015-12-18
219,PPG,1,2015-12-18
220,PSC,3,2015-12-18
221,PSE,2,2015-12-18
222,PSG,2,2015-12-18
223,PSP,16,2015-12-18
224,PVD,17,2015-12-18
225,PWM,10,2015-12-18
226,RAP,4,2015-12-18
227,RDD,1,2015-12-18
228,RDM,4,2015-12-18
229,RDU,35,2015-12-18
230,RHI,2,2015-12-18
231,RIC,26,2015-12-18
232,RKS,1,2015-12-18
233,RNO,18,2015-12-18
234,ROA,3,2015-12-18
235,ROC,13,2015-12-18
236,ROW,2,2015-12-18
237,RST,3,2015-12-18
238,RSW,49,2015-12-18
239,SAF,3,2015-12-18
240,SAN,73,2015-12-18
241,SAT,59,2015-12-18
242,SAV,12,2015-12-18
243,SBA,5,2015-12-18
244,SBN,5,2015-12-18
245,SBP,3,2015-12-18
246,SCC,3,2015-12-18
247,SDF,17,2015-12-18
248,SEA,151,2015-12-18
249,SFO,82,2015-12-18
250,SGF,13,2015-12-18
251,SGU,3,2015-12-18
252,SHV,16,2015-12-18
253,SIT,1,2015-12-18
254,SJC,38,2015-12-18
255,SJT,3,2015-12-18
256,SJU,37,2015-12-18
257,SLC,172,2015-12-18
258,SMF,45,2015-12-18
259,SNA,52,2015-12-18
260,SPI,5,2015-12-18
261,SPS,2,2015-12-18
262,SRQ,7,2015-12-18
263,STL,60,2015-12-18
264,STT,10,2015-12-18
265,STX,2,2015-12-18
266,SUN,1,2015-12-18
267,SWF,2,2015-12-18
268,SYR,13,2015-12-18
269,TLH,8,2015-12-18
270,TOL,2,2015-12-18
271,TPA,86,2015-12-18
272,TRI,6,2015-12-18
273,TTN,5,2015-12-18
274,TUL,23,2015-12-18
275,TUS,25,2015-12-18
276,TVC,5,2015-12-18
277,TXK,2,2015-12-18
278,TYR,4,2015-12-18
279,TYS,10,2015-12-18
280,VLD,3,2015-12-18
281,VPS,10,2015-12-18
282,WRG,2,2015-12-18
283,XNA,22,2015-12-18
284,YAK,2,2015-12-18
285,YUM,4,2015-12-18
286,ABE,1,2015-12-19
287,ABI,5,2015-12-19
288,ABQ,18,2015-12-19
289,ABY,2,2015-12-19
290,ACT,5,2015-12-19
291,ACV,2,2015-12-19
292,ACY,6,2015-12-19
293,AEX,6,2015-12-19
294,AGS,3,2015-12-19
295,ALB,14,2015-12-19
296,ALO,1,2015-12-19
297,AMA,6,2015-12-19
298,ANC,30,2015-12-19
299,ASE,10,2015-12-19
300,ATL,464,2015-12-19
301,ATW,3,2015-12-19
302,AUS,55,2015-12-19
303,AVL,6,2015-12-19
304,AVP,4,2015-12-19
305,AZO,2,2015-12-19
306,BDL,23,2015-12-19
307,BET,1,2015-12-19
308,BFL,3,2015-12-19
309,BGM,1,2015-12-19
310,BHM,14,2015-12-19
311,BIL,9,2015-12-19
312,BIS,10,2015-12-19
313,BJI,2,2015-12-19
314,BLI,2,2015-12-19
315,BMI,5,2015-12-19
316,BNA,57,2015-12-19
317,BOI,26,2015-12-19
318,BOS,97,2015-12-19
319,BPT,2,2015-12-19
320,BQK,2,2015-12-19
321,BQN,2,2015-12-19
322,BRD,1,2015-12-19
323,BRO,7,2015-12-19
324,BRW,2,2015-12-19
325,BTM,1,2015-12-19
326,BTR,12,2015-12-19
327,BTV,7,2015-12-19
328,BUF,22,2015-12-19
329,BUR,23,2015-12-19
330,BWI,65,2015-12-19
331,BZN,16,2015-12-19
332,CAE,6,2015-12-19
333,CAK,11,2015-12-19
334,CDC,1,2015-12-19
335,CDV,1,2015-12-19
336,CHA,6,2015-12-19
337,CHO,3,2015-12-19
338,CHS,18,2015-12-19
339,CID,8,2015-12-19
340,CIU,2,2015-12-19
341,CLE,40,2015-12-19
342,CLL,4,2015-12-19
343,CLT,126,2015-12-19
344,CMH,30,2015-12-19
345,CMI,3,2015-12-19
346,CMX,2,2015-12-19
347,COD,2,2015-12-19
348,COS,10,2015-12-19
349,COU,2,2015-12-19
350,CPR,3,2015-12-19
351,CRP,9,2015-12-19
352,CRW,4,2015-12-19
353,CSG,2,2015-12-19
354,CVG,39,2015-12-19
355,CWA,2,2015-12-19
356,DAB,4,2015-12-19
357,DAL,81,2015-12-19
358,DAY,12,2015-12-19
359,DBQ,2,2015-12-19
360,DCA,93,2015-12-19
361,DEN,254,2015-12-19
362,DFW,373,2015-12-19
363,DHN,2,2015-12-19
364,DLH,3,2015-12-19
365,DRO,7,2015-12-19
366,DSM,11,2015-12-19
367,DTW,133,2015-12-19
368,EAU,1,2015-12-19
369,ECP,10,2015-12-19
370,EGE,3,2015-12-19
371,EKO,1,2015-12-19
372,ELM,3,2015-12-19
373,ELP,17,2015-12-19
374,EUG,4,2015-12-19
375,EVV,9,2015-12-19
376,EWN,1,2015-12-19
377,EWR,118,2015-12-19
378,EYW,6,2015-12-19
379,FAI,3,2015-12-19
380,FAR,11,2015-12-19
381,FAT,12,2015-12-19
382,FAY,2,2015-12-19
383,FCA,5,2015-12-19
384,FLG,6,2015-12-19
385,FLL,138,2015-12-19
386,FNT,7,2015-12-19
387,FSD,8,2015-12-19
388,FSM,4,2015-12-19
389,FWA,9,2015-12-19
390,GCC,2,2015-12-19
391,GCK,2,2015-12-19
392,GEG,11,2015-12-19
393,GFK,4,2015-12-19
394,GGG,1,2015-12-19
395,GJT,8,2015-12-19
396,GNV,3,2015-12-19
397,GPT,8,2015-12-19
398,GRB,10,2015-12-19
399,GRI,2,2015-12-19
400,GRK,10,2015-12-19
401,GRR,15,2015-12-19
402,GSO,5,2015-12-19
403,GSP,10,2015-12-19
404,GTF,4,2015-12-19
405,GTR,1,2015-12-19
406,GUC,4,2015-12-19
407,HDN,6,2015-12-19
408,HIB,1,2015-12-19
409,HLN,2,2015-12-19
410,HNL,77,2015-12-19
411,HOU,50,2015-12-19
412,HPN,3,2015-12-19
413,HRL,4,2015-12-19
414,HSV,6,2015-12-19
415,HYS,1,2015-12-19
416,IAD,41,2015-12-19
417,IAG,1,2015-12-19
418,IAH,203,2015-12-19
419,ICT,19,2015-12-19
420,IDA,5,2015-12-19
421,ILM,4,2015-12-19
422,IMT,2,2015-12-19
423,IND,38,2015-12-19
424,INL,2,2015-12-19
425,ISN,3,2015-12-19
426,ISP,7,2015-12-19
427,ITO,8,2015-12-19
428,JAC,12,2015-12-19
429,JAN,13,2015-12-19
430,JAX,22,2015-12-19
431,JFK,75,2015-12-19
432,JLN,2,2015-12-19
433,JNU,7,2015-12-19
434,KOA,23,2015-12-19
435,KTN,4,2015-12-19
436,LAN,5,2015-12-19
437,LAR,1,2015-12-19
438,LAS,166,2015-12-19
439,LAW,3,2015-12-19
440,LAX,137,2015-12-19
441,LBB,12,2015-12-19
442,LCH,5,2015-12-19
443,LEX,12,2015-12-19
444,LFT,7,2015-12-19
445,LGA,88,2015-12-19
446,LGB,15,2015-12-19
447,LIH,30,2015-12-19
448,LIT,15,2015-12-19
449,LNK,6,2015-12-19
450,LRD,5,2015-12-19
451,LSE,5,2015-12-19
452,LWS,1,2015-12-19
453,MAF,9,2015-12-19
454,MBS,1,2015-12-19
455,MCI,42,2015-12-19
456,MCO,189,2015-12-19
457,MDT,8,2015-12-19
458,MDW,74,2015-12-19
459,MEI,2,2015-12-19
460,MEM,26,2015-12-19
461,MFE,6,2015-12-19
462,MFR,5,2015-12-19
463,MGM,3,2015-12-19
464,MHK,4,2015-12-19
465,MHT,9,2015-12-19
466,MIA,111,2015-12-19
467,MKE,39,2015-12-19
468,MKG,2,2015-12-19
469,MLB,3,2015-12-19
470,MLI,7,2015-12-19
471,MLU,7,2015-12-19
472,MOB,8,2015-12-19
473,MOT,3,2015-12-19
474,MRY,4,2015-12-19
475,MSN,19,2015-12-19
476,MSP,164,2015-12-19
477,MSY,55,2015-12-19
478,MTJ,9,2015-12-19
479,MYR,3,2015-12-19
480,OAJ,1,2015-12-19
481,OAK,33,2015-12-19
482,OGG,38,2015-12-19
483,OKC,29,2015-12-19
484,OMA,21,2015-12-19
485,OME,1,2015-12-19
486,ONT,11,2015-12-19
487,ORD,412,2015-12-19
488,ORF,12,2015-12-19
489,PAH,2,2015-12-19
490,PBI,56,2015-12-19
491,PDX,74,2015-12-19
492,PHF,1,2015-12-19
493,PHL,96,2015-12-19
494,PHX,196,2015-12-19
495,PIA,8,2015-12-19
496,PIH,1,2015-12-19
497,PIT,30,2015-12-19
498,PLN,2,2015-12-19
499,PNS,14,2015-12-19
500,PSC,7,2015-12-19
501,PSE,1,2015-12-19
502,PSG,1,2015-12-19
503,PSP,15,2015-12-19
504,PVD,13,2015-12-19
505,PWM,12,2015-12-19
506,RAP,7,2015-12-19
507,RDM,4,2015-12-19
508,RDU,26,2015-12-19
509,RHI,2,2015-12-19
510,RIC,14,2015-12-19
511,RNO,16,2015-12-19
512,ROA,5,2015-12-19
513,ROC,7,2015-12-19
514,ROW,2,2015-12-19
515,RST,3,2015-12-19
516,RSW,83,2015-12-19
517,SAF,2,2015-12-19
518,SAN,77,2015-12-19
519,SAT,48,2015-12-19
520,SAV,10,2015-12-19
521,SBA,9,2015-12-19
522,SBN,5,2015-12-19
523,SBP,3,2015-12-19
524,SCC,2,2015-12-19
525,SCE,2,2015-12-19
526,SDF,16,2015-12-19
527,SEA,154,2015-12-19
528,SFO,128,2015-12-19
529,SGF,15,2015-12-19
530,SGU,3,2015-12-19
531,SHV,15,2015-12-19
532,SIT,2,2015-12-19
533,SJC,36,2015-12-19
534,SJT,4,2015-12-19
535,SJU,41,2015-12-19
536,SLC,147,2015-12-19
537,SMF,43,2015-12-19
538,SMX,2,2015-12-19
539,SNA,39,2015-12-19
540,SPI,4,2015-12-19
541,SPS,3,2015-12-19
542,SRQ,10,2015-12-19
543,STL,77,2015-12-19
544,STT,13,2015-12-19
545,STX,3,2015-12-19
546,SUX,1,2015-12-19
547,SYR,5,2015-12-19
548,TLH,5,2015-12-19
549,TOL,2,2015-12-19
550,TPA,122,2015-12-19
551,TRI,5,2015-12-19
552,TTN,9,2015-12-19
553,TUL,18,2015-12-19
554,TUS,25,2015-12-19
555,TVC,4,2015-12-19
556,TWF,1,2015-12-19
557,TXK,2,2015-12-19
558,TYR,5,2015-12-19
559,TYS,12,2015-12-19
560,UST,1,2015-12-19
561,VLD,1,2015-12-19
562,VPS,8,2015-12-19
563,WRG,1,2015-12-19
564,XNA,14,2015-12-19
565,YAK,2,2015-12-19
566,YUM,4,2015-12-19
567,ABE,1,2015-12-20
568,ABI,7,2015-12-20
569,ABQ,18,2015-12-20
570,ABR,1,2015-12-20
571,ABY,2,2015-12-20
572,ACT,4,2015-12-20
573,ACY,5,2015-12-20
574,ADK,1,2015-12-20
575,AEX,5,2015-12-20
576,AGS,6,2015-12-20
577,ALB,8,2015-12-20
578,ALO,2,2015-12-20
579,AMA,7,2015-12-20
580,ANC,26,2015-12-20
581,ASE,5,2015-12-20
582,ATL,582,2015-12-20
583,ATW,8,2015-12-20
584,AUS,57,2015-12-20
585,AVL,5,2015-12-20
586,AVP,1,2015-12-20
587,AZO,4,2015-12-20
588,BDL,17,2015-12-20
589,BFL,3,2015-12-20
590,BGM,1,2015-12-20
591,BGR,1,2015-12-20
592,BHM,20,2015-12-20
593,BIL,6,2015-12-20
594,BIS,9,2015-12-20
595,BJI,2,2015-12-20
596,BLI,3,2015-12-20
597,BMI,6,2015-12-20
598,BNA,93,2015-12-20
599,BOI,15,2015-12-20
600,BOS,117,2015-12-20
601,BPT,3,2015-12-20
602,BQK,3,2015-12-20
603,BRD,1,2015-12-20
604,BRO,7,2015-12-20
605,BRW,1,2015-12-20
606,BTR,11,2015-12-20
607,BTV,7,2015-12-20
608,BUF,20,2015-12-20
609,BUR,30,2015-12-20
610,BWI,78,2015-12-20
611,BZN,4,2015-12-20
612,CAE,7,2015-12-20
613,CAK,8,2015-12-20
614,CDC,1,2015-12-20
615,CDV,2,2015-12-20
616,CHA,8,2015-12-20
617,CHO,3,2015-12-20
618,CHS,26,2015-12-20
619,CID,9,2015-12-20
620,CIU,1,2015-12-20
621,CLE,56,2015-12-20
622,CLL,5,2015-12-20
623,CLT,155,2015-12-20
624,CMH,41,2015-12-20
625,CMI,6,2015-12-20
626,CMX,2,2015-12-20
627,COD,1,2015-12-20
628,COS,15,2015-12-20
629,COU,4,2015-12-20
630,CPR,2,2015-12-20
631,CRP,7,2015-12-20
632,CRW,4,2015-12-20
633,CSG,2,2015-12-20
634,CVG,46,2015-12-20
635,CWA,2,2015-12-20
636,DAB,2,2015-12-20
637,DAL,78,2015-12-20
638,DAY,17,2015-12-20
639,DBQ,3,2015-12-20
640,DCA,104,2015-12-20
641,DEN,248,2015-12-20
642,DFW,358,2015-12-20
643,DHN,4,2015-12-20
644,DLH,4,2015-12-20
645,DRO,3,2015-12-20
646,DSM,14,2015-12-20
647,DTW,162,2015-12-20
648,EAU,1,2015-12-20
649,ECP,8,2015-12-20
650,EGE,7,2015-12-20
651,EKO,1,2015-12-20
652,ELM,2,2015-12-20
653,ELP,21,2015-12-20
654,ERI,1,2015-12-20
655,ESC,1,2015-12-20
656,EUG,4,2015-12-20
657,EVV,8,2015-12-20
658,EWN,2,2015-12-20
659,EWR,149,2015-12-20
660,EYW,5,2015-12-20
661,FAI,1,2015-12-20
662,FAR,15,2015-12-20
663,FAT,7,2015-12-20
664,FAY,3,2015-12-20
665,FCA,4,2015-12-20
666,FLG,3,2015-12-20
667,FLL,154,2015-12-20
668,FNT,6,2015-12-20
669,FSD,8,2015-12-20
670,FSM,6,2015-12-20
671,FWA,12,2015-12-20
672,GCC,3,2015-12-20
673,GCK,2,2015-12-20
674,GEG,14,2015-12-20
675,GFK,3,2015-12-20
676,GGG,1,2015-12-20
677,GJT,8,2015-12-20
678,GNV,6,2015-12-20
679,GPT,6,2015-12-20
680,GRB,10,2015-12-20
681,GRI,2,2015-12-20
682,GRK,10,2015-12-20
683,GRR,17,2015-12-20
684,GSO,7,2015-12-20
685,GSP,14,2015-12-20
686,GTF,4,2015-12-20
687,GTR,1,2015-12-20
688,GUC,4,2015-12-20
689,HDN,7,2015-12-20
690,HIB,1,2015-12-20
691,HLN,2,2015-12-20
692,HNL,77,2015-12-20
693,HOB,1,2015-12-20
694,HOU,57,2015-12-20
695,HPN,1,2015-12-20
696,HRL,6,2015-12-20
697,HSV,9,2015-12-20
698,HYS,1,2015-12-20
699,IAD,42,2015-12-20
700,IAG,1,2015-12-20
701,IAH,207,2015-12-20
702,ICT,16,2015-12-20
703,IDA,5,2015-12-20
704,ILM,4,2015-12-20
705,IMT,1,2015-12-20
706,IND,44,2015-12-20
707,INL,2,2015-12-20
708,ISN,5,2015-12-20
709,ISP,6,2015-12-20
710,ITH,1,2015-12-20
711,ITO,11,2015-12-20
712,JAC,14,2015-12-20
713,JAN,13,2015-12-20
714,JAX,35,2015-12-20
715,JFK,83,2015-12-20
716,JLN,2,2015-12-20
717,JMS,1,2015-12-20
718,JNU,9,2015-12-20
719,KOA,25,2015-12-20
720,KTN,6,2015-12-20
721,LAN,5,2015-12-20
722,LAS,201,2015-12-20
723,LAW,4,2015-12-20
724,LAX,186,2015-12-20
725,LBB,13,2015-12-20
726,LBE,1,2015-12-20
727,LCH,3,2015-12-20
728,LEX,10,2015-12-20
729,LFT,10,2015-12-20
730,LGA,101,2015-12-20
731,LGB,10,2015-12-20
732,LIH,29,2015-12-20
733,LIT,19,2015-12-20
734,LNK,5,2015-12-20
735,LRD,6,2015-12-20
736,LSE,6,2015-12-20
737,MAF,12,2015-12-20
738,MBS,3,2015-12-20
739,MCI,66,2015-12-20
740,MCO,215,2015-12-20
741,MDT,8,2015-12-20
742,MDW,111,2015-12-20
743,MEI,2,2015-12-20
744,MEM,28,2015-12-20
745,MFE,4,2015-12-20
746,MFR,3,2015-12-20
747,MGM,8,2015-12-20
748,MHK,4,2015-12-20
749,MHT,10,2015-12-20
750,MIA,101,2015-12-20
751,MKE,53,2015-12-20
752,MKG,1,2015-12-20
753,MLB,4,2015-12-20
754,MLI,6,2015-12-20
755,MLU,8,2015-12-20
756,MOB,14,2015-12-20
757,MOT,4,2015-12-20
758,MQT,2,2015-12-20
759,MRY,6,2015-12-20
760,MSN,17,2015-12-20
761,MSO,4,2015-12-20
762,MSP,216,2015-12-20
763,MSY,75,2015-12-20
764,MTJ,5,2015-12-20
765,MYR,9,2015-12-20
766,OAJ,3,2015-12-20
767,OAK,26,2015-12-20
768,OGG,39,2015-12-20
769,OKC,27,2015-12-20
770,OMA,29,2015-12-20
771,ONT,22,2015-12-20
772,ORD,514,2015-12-20
773,ORF,16,2015-12-20
774,OTZ,1,2015-12-20
775,PAH,1,2015-12-20
776,PBG,1,2015-12-20
777,PBI,62,2015-12-20
778,PDX,80,2015-12-20
779,PHF,1,2015-12-20
780,PHL,108,2015-12-20
781,PHX,209,2015-12-20
782,PIA,9,2015-12-20
783,PIB,1,2015-12-20
784,PIH,1,2015-12-20
785,PIT,38,2015-12-20
786,PLN,1,2015-12-20
787,PNS,10,2015-12-20
788,PSC,7,2015-12-20
789,PSE,1,2015-12-20
790,PSG,1,2015-12-20
791,PSP,22,2015-12-20
792,PVD,17,2015-12-20
793,PWM,9,2015-12-20
794,RAP,5,2015-12-20
795,RDM,4,2015-12-20
796,RDU,34,2015-12-20
797,RHI,2,2015-12-20
798,RIC,17,2015-12-20
799,RKS,1,2015-12-20
800,RNO,16,2015-12-20
801,ROA,4,2015-12-20
802,ROC,9,2015-12-20
803,ROW,2,2015-12-20
804,RST,4,2015-12-20
805,RSW,91,2015-12-20
806,SAF,3,2015-12-20
807,SAN,80,2015-12-20
808,SAT,50,2015-12-20
809,SAV,13,2015-12-20
810,SBA,6,2015-12-20
811,SBN,11,2015-12-20
812,SBP,1,2015-12-20
813,SCE,2,2015-12-20
814,SDF,14,2015-12-20
815,SEA,169,2015-12-20
816,SFO,81,2015-12-20
817,SGF,13,2015-12-20
818,SGU,3,2015-12-20
819,SHV,14,2015-12-20
820,SIT,3,2015-12-20
821,SJC,35,2015-12-20
822,SJT,2,2015-12-20
823,SJU,46,2015-12-20
824,SLC,163,2015-12-20
825,SMF,30,2015-12-20
826,SMX,1,2015-12-20
827,SNA,47,2015-12-20
828,SPI,3,2015-12-20
829,SPS,3,2015-12-20
830,SRQ,11,2015-12-20
831,STL,87,2015-12-20
832,STT,11,2015-12-20
833,STX,1,2015-12-20
834,SUN,1,2015-12-20
835,SUX,2,2015-12-20
836,SWF,1,2015-12-20
837,SYR,12,2015-12-20
838,TLH,7,2015-12-20
839,TOL,3,2015-12-20
840,TPA,138,2015-12-20
841,TRI,6,2015-12-20
842,TTN,6,2015-12-20
843,TUL,21,2015-12-20
844,TUS,32,2015-12-20
845,TVC,6,2015-12-20
846,TWF,2,2015-12-20
847,TXK,1,2015-12-20
848,TYR,4,2015-12-20
849,TYS,12,2015-12-20
850,VLD,3,2015-12-20
851,VPS,8,2015-12-20
852,WRG,2,2015-12-20
853,XNA,12,2015-12-20
854,YAK,2,2015-12-20
855,YUM,6,2015-12-20
856,ABE,2,2015-12-21
857,ABI,6,2015-12-21
858,ABQ,22,2015-12-21
859,ABY,1,2015-12-21
860,ACT,5,2015-12-21
861,ACY,7,2015-12-21
862,ADQ,1,2015-12-21
863,AEX,7,2015-12-21
864,AGS,4,2015-12-21
865,ALB,14,2015-12-21
866,ALO,2,2015-12-21
867,AMA,6,2015-12-21
868,ANC,32,2015-12-21
869,APN,1,2015-12-21
870,ASE,14,2015-12-21
871,ATL,573,2015-12-21
872,ATW,5,2015-12-21
873,AUS,59,2015-12-21
874,AVL,5,2015-12-21
875,AVP,2,2015-12-21
876,AZO,4,2015-12-21
877,BDL,28,2015-12-21
878,BFL,4,2015-12-21
879,BGM,1,2015-12-21
880,BGR,1,2015-12-21
881,BHM,23,2015-12-21
882,BIL,7,2015-12-21
883,BIS,4,2015-12-21
884,BJI,1,2015-12-21
885,BLI,3,2015-12-21
886,BMI,7,2015-12-21
887,BNA,70,2015-12-21
888,BOI,17,2015-12-21
889,BOS,143,2015-12-21
890,BPT,1,2015-12-21
891,BQK,2,2015-12-21
892,BQN,1,2015-12-21
893,BRD,2,2015-12-21
894,BRO,7,2015-12-21
895,BRW,2,2015-12-21
896,BTM,2,2015-12-21
897,BTR,12,2015-12-21
898,BTV,9,2015-12-21
899,BUF,28,2015-12-21
900,BUR,22,2015-12-21
901,BWI,93,2015-12-21
902,BZN,5,2015-12-21
903,CAE,11,2015-12-21
904,CAK,12,2015-12-21
905,CDC,1,2015-12-21
906,CDV,1,2015-12-21
907,CHA,7,2015-12-21
908,CHO,4,2015-12-21
909,CHS,27,2015-12-21
910,CID,11,2015-12-21
911,CIU,1,2015-12-21
912,CLE,59,2015-12-21
913,CLL,3,2015-12-21
914,CLT,186,2015-12-21
915,CMH,38,2015-12-21
916,CMI,7,2015-12-21
917,CMX,1,2015-12-21
918,COS,13,2015-12-21
919,COU,4,2015-12-21
920,CPR,2,2015-12-21
921,CRP,10,2015-12-21
922,CRW,6,2015-12-21
923,CSG,2,2015-12-21
924,CVG,41,2015-12-21
925,CWA,1,2015-12-21
926,DAB,4,2015-12-21
927,DAL,67,2015-12-21
928,DAY,16,2015-12-21
929,DBQ,1,2015-12-21
930,DCA,128,2015-12-21
931,DEN,283,2015-12-21
932,DFW,402,2015-12-21
933,DHN,4,2015-12-21
934,DLH,3,2015-12-21
935,DRO,4,2015-12-21
936,DSM,13,2015-12-21
937,DTW,148,2015-12-21
938,EAU,2,2015-12-21
939,ECP,9,2015-12-21
940,EGE,9,2015-12-21
941,EKO,2,2015-12-21
942,ELM,3,2015-12-21
943,ELP,12,2015-12-21
944,ERI,2,2015-12-21
945,ESC,1,2015-12-21
946,EUG,3,2015-12-21
947,EVV,8,2015-12-21
948,EWN,2,2015-12-21
949,EWR,129,2015-12-21
950,EYW,4,2015-12-21
951,FAR,13,2015-12-21
952,FAT,7,2015-12-21
953,FAY,4,2015-12-21
954,FCA,4,2015-12-21
955,FLG,2,2015-12-21
956,FLL,131,2015-12-21
957,FNT,9,2015-12-21
958,FSD,10,2015-12-21
959,FSM,3,2015-12-21
960,FWA,10,2015-12-21
961,GCC,3,2015-12-21
962,GCK,2,2015-12-21
963,GEG,13,2015-12-21
964,GFK,2,2015-12-21
965,GGG,1,2015-12-21
966,GJT,4,2015-12-21
967,GNV,6,2015-12-21
968,GPT,9,2015-12-21
969,GRB,11,2015-12-21
970,GRI,2,2015-12-21
971,GRK,7,2015-12-21
972,GRR,18,2015-12-21
973,GSO,7,2015-12-21
974,GSP,18,2015-12-21
975,GTF,6,2015-12-21
976,GTR,2,2015-12-21
977,GUC,2,2015-12-21
978,HDN,6,2015-12-21
979,HLN,3,2015-12-21
980,HNL,92,2015-12-21
981,HOB,1,2015-12-21
982,HOU,45,2015-12-21
983,HPN,7,2015-12-21
984,HRL,3,2015-12-21
985,HSV,11,2015-12-21
986,HYS,1,2015-12-21
987,IAD,47,2015-12-21
988,IAG,1,2015-12-21
989,IAH,189,2015-12-21
990,ICT,19,2015-12-21
991,IDA,5,2015-12-21
992,ILM,4,2015-12-21
993,IMT,1,2015-12-21
994,IND,39,2015-12-21
995,INL,2,2015-12-21
996,ISN,5,2015-12-21
997,ISP,7,2015-12-21
998,ITH,2,2015-12-21
999,ITO,13,2015-12-21
1000,JAC,11,2015-12-21
1001,JAN,11,2015-12-21
1002,JAX,35,2015-12-21
1003,JFK,86,2015-12-21
1004,JLN,2,2015-12-21
1005,JNU,9,2015-12-21
1006,KOA,22,2015-12-21
1007,KTN,6,2015-12-21
1008,LAN,3,2015-12-21
1009,LAR,2,2015-12-21
1010,LAS,152,2015-12-21
1011,LAW,4,2015-12-21
1012,LAX,170,2015-12-21
1013,LBB,10,2015-12-21
1014,LBE,3,2015-12-21
1015,LCH,4,2015-12-21
1016,LEX,9,2015-12-21
1017,LFT,7,2015-12-21
1018,LGA,165,2015-12-21
1019,LGB,11,2015-12-21
1020,LIH,28,2015-12-21
1021,LIT,14,2015-12-21
1022,LNK,5,2015-12-21
1023,LRD,4,2015-12-21
1024,LSE,4,2015-12-21
1025,LWS,2,2015-12-21
1026,MAF,18,2015-12-21
1027,MBS,3,2015-12-21
1028,MCI,58,2015-12-21
1029,MCO,221,2015-12-21
1030,MDT,8,2015-12-21
1031,MDW,84,2015-12-21
1032,MEI,1,2015-12-21
1033,MEM,22,2015-12-21
1034,MFE,5,2015-12-21
1035,MFR,3,2015-12-21
1036,MGM,5,2015-12-21
1037,MHK,3,2015-12-21
1038,MHT,10,2015-12-21
1039,MIA,121,2015-12-21
1040,MKE,49,2015-12-21
1041,MKG,1,2015-12-21
1042,MLB,3,2015-12-21
1043,MLI,7,2015-12-21
1044,MLU,5,2015-12-21
1045,MOB,10,2015-12-21
1046,MOT,4,2015-12-21
1047,MQT,2,2015-12-21
1048,MRY,2,2015-12-21
1049,MSN,14,2015-12-21
1050,MSO,2,2015-12-21
1051,MSP,196,2015-12-21
1052,MSY,60,2015-12-21
1053,MTJ,7,2015-12-21
1054,MYR,4,2015-12-21
1055,OAJ,2,2015-12-21
1056,OAK,13,2015-12-21
1057,OGG,34,2015-12-21
1058,OKC,41,2015-12-21
1059,OMA,25,2015-12-21
1060,OME,2,2015-12-21
1061,ONT,23,2015-12-21
1062,ORD,468,2015-12-21
1063,ORF,14,2015-12-21
1064,ORH,1,2015-12-21
1065,PAH,2,2015-12-21
1066,PBG,1,2015-12-21
1067,PBI,64,2015-12-21
1068,PDX,61,2015-12-21
1069,PHF,2,2015-12-21
1070,PHL,106,2015-12-21
1071,PHX,233,2015-12-21
1072,PIA,9,2015-12-21
1073,PIB,1,2015-12-21
1074,PIH,1,2015-12-21
1075,PIT,42,2015-12-21
1076,PLN,1,2015-12-21
1077,PNS,6,2015-12-21
1078,PPG,1,2015-12-21
1079,PSC,6,2015-12-21
1080,PSE,3,2015-12-21
1081,PSG,2,2015-12-21
1082,PSP,14,2015-12-21
1083,PVD,12,2015-12-21
1084,PWM,10,2015-12-21
1085,RAP,6,2015-12-21
1086,RDD,1,2015-12-21
1087,RDM,1,2015-12-21
1088,RDU,48,2015-12-21
1089,RHI,1,2015-12-21
1090,RIC,26,2015-12-21
1091,RKS,2,2015-12-21
1092,RNO,13,2015-12-21
1093,ROA,5,2015-12-21
1094,ROC,14,2015-12-21
1095,ROW,1,2015-12-21
1096,RST,3,2015-12-21
1097,RSW,82,2015-12-21
1098,SAF,2,2015-12-21
1099,SAN,72,2015-12-21
1100,SAT,38,2015-12-21
1101,SAV,9,2015-12-21
1102,SBA,6,2015-12-21
1103,SBN,6,2015-12-21
1104,SBP,1,2015-12-21
1105,SCC,2,2015-12-21
1106,SCE,2,2015-12-21
1107,SDF,9,2015-12-21
1108,SEA,135,2015-12-21
1109,SFO,43,2015-12-21
1110,SGF,13,2015-12-21
1111,SGU,4,2015-12-21
1112,SHV,16,2015-12-21
1113,SIT,3,2015-12-21
1114,SJC,32,2015-12-21
1115,SJT,5,2015-12-21
1116,SJU,44,2015-12-21
1117,SLC,163,2015-12-21
1118,SMF,30,2015-12-21
1119,SMX,1,2015-12-21
1120,SNA,45,2015-12-21
1121,SPI,5,2015-12-21
1122,SPS,2,2015-12-21
1123,SRQ,10,2015-12-21
1124,STL,80,2015-12-21
1125,STT,12,2015-12-21
1126,STX,1,2015-12-21
1127,SYR,15,2015-12-21
1128,TLH,5,2015-12-21
1129,TOL,3,2015-12-21
1130,TPA,131,2015-12-21
1131,TRI,4,2015-12-21
1132,TTN,6,2015-12-21
1133,TUL,24,2015-12-21
1134,TUS,22,2015-12-21
1135,TVC,7,2015-12-21
1136,TWF,1,2015-12-21
1137,TXK,1,2015-12-21
1138,TYR,4,2015-12-21
1139,TYS,14,2015-12-21
1140,UST,1,2015-12-21
1141,VLD,2,2015-12-21
1142,VPS,10,2015-12-21
1143,WRG,2,2015-12-21
1144,XNA,19,2015-12-21
1145,YAK,1,2015-12-21
1146,YUM,5,2015-12-21
1147,ABE,4,2015-12-22
1148,ABI,7,2015-12-22
1149,ABQ,14,2015-12-22
1150,ABR,2,2015-12-22
1151,ABY,1,2015-12-22
1152,ACT,2,2015-12-22
1153,ACY,5,2015-12-22
1154,ADQ,1,2015-12-22
1155,AEX,4,2015-12-22
1156,AGS,3,2015-12-22
1157,ALB,15,2015-12-22
1158,ALO,1,2015-12-22
1159,AMA,6,2015-12-22
1160,ANC,25,2015-12-22
1161,APN,2,2015-12-22
1162,ASE,11,2015-12-22
1163,ATL,422,2015-12-22
1164,ATW,6,2015-12-22
1165,AUS,44,2015-12-22
1166,AVL,5,2015-12-22
1167,AVP,2,2015-12-22
1168,AZO,5,2015-12-22
1169,BDL,28,2015-12-22
1170,BET,1,2015-12-22
1171,BFL,1,2015-12-22
1172,BGM,1,2015-12-22
1173,BGR,1,2015-12-22
1174,BHM,14,2015-12-22
1175,BIL,8,2015-12-22
1176,BIS,6,2015-12-22
1177,BJI,2,2015-12-22
1178,BLI,3,2015-12-22
1179,BMI,5,2015-12-22
1180,BNA,59,2015-12-22
1181,BOI,18,2015-12-22
1182,BOS,134,2015-12-22
1183,BPT,1,2015-12-22
1184,BQK,3,2015-12-22
1185,BQN,3,2015-12-22
1186,BRD,2,2015-12-22
1187,BRO,4,2015-12-22
1188,BRW,1,2015-12-22
1189,BTM,1,2015-12-22
1190,BTR,8,2015-12-22
1191,BTV,8,2015-12-22
1192,BUF,26,2015-12-22
1193,BUR,21,2015-12-22
1194,BWI,58,2015-12-22
1195,BZN,5,2015-12-22
1196,CAE,8,2015-12-22
1197,CAK,12,2015-12-22
1198,CDV,1,2015-12-22
1199,CHA,5,2015-12-22
1200,CHO,3,2015-12-22
1201,CHS,19,2015-12-22
1202,CID,15,2015-12-22
1203,CIU,1,2015-12-22
1204,CLE,62,2015-12-22
1205,CLL,4,2015-12-22
1206,CLT,111,2015-12-22
1207,CMH,31,2015-12-22
1208,CMI,7,2015-12-22
1209,CMX,1,2015-12-22
1210,COS,16,2015-12-22
1211,COU,2,2015-12-22
1212,CPR,3,2015-12-22
1213,CRP,7,2015-12-22
1214,CRW,2,2015-12-22
1215,CSG,1,2015-12-22
1216,CVG,39,2015-12-22
1217,CWA,2,2015-12-22
1218,DAB,4,2015-12-22
1219,DAL,43,2015-12-22
1220,DAY,12,2015-12-22
1221,DBQ,2,2015-12-22
1222,DCA,110,2015-12-22
1223,DEN,257,2015-12-22
1224,DFW,332,2015-12-22
1225,DHN,2,2015-12-22
1226,DLH,3,2015-12-22
1227,DSM,13,2015-12-22
1228,DTW,180,2015-12-22
1229,EAU,1,2015-12-22
1230,ECP,6,2015-12-22
1231,EGE,6,2015-12-22
1232,ELM,3,2015-12-22
1233,ELP,11,2015-12-22
1234,ERI,2,2015-12-22
1235,EUG,1,2015-12-22
1236,EVV,9,2015-12-22
1237,EWN,2,2015-12-22
1238,EWR,91,2015-12-22
1239,EYW,4,2015-12-22
1240,FAI,5,2015-12-22
1241,FAR,9,2015-12-22
1242,FAT,3,2015-12-22
1243,FAY,2,2015-12-22
1244,FCA,2,2015-12-22
1245,FLG,1,2015-12-22
1246,FLL,125,2015-12-22
1247,FNT,8,2015-12-22
1248,FSD,7,2015-12-22
1249,FSM,4,2015-12-22
1250,FWA,8,2015-12-22
1251,GCC,2,2015-12-22
1252,GCK,2,2015-12-22
1253,GEG,14,2015-12-22
1254,GGG,1,2015-12-22
1255,GJT,5,2015-12-22
1256,GNV,6,2015-12-22
1257,GPT,4,2015-12-22
1258,GRB,11,2015-12-22
1259,GRI,1,2015-12-22
1260,GRK,5,2015-12-22
1261,GRR,19,2015-12-22
1262,GSO,5,2015-12-22
1263,GSP,8,2015-12-22
1264,GTF,3,2015-12-22
1265,GTR,1,2015-12-22
1266,GUC,1,2015-12-22
1267,GUM,1,2015-12-22
1268,HDN,2,2015-12-22
1269,HIB,2,2015-12-22
1270,HLN,2,2015-12-22
1271,HNL,96,2015-12-22
1272,HOB,1,2015-12-22
1273,HOU,26,2015-12-22
1274,HPN,5,2015-12-22
1275,HRL,5,2015-12-22
1276,HSV,7,2015-12-22
1277,HYS,1,2015-12-22
1278,IAD,46,2015-12-22
1279,IAG,1,2015-12-22
1280,IAH,145,2015-12-22
1281,ICT,14,2015-12-22
1282,IDA,3,2015-12-22
1283,ILM,3,2015-12-22
1284,IND,39,2015-12-22
1285,INL,1,2015-12-22
1286,ISN,3,2015-12-22
1287,ISP,6,2015-12-22
1288,ITH,2,2015-12-22
1289,ITO,8,2015-12-22
1290,JAC,10,2015-12-22
1291,JAN,6,2015-12-22
1292,JAX,28,2015-12-22
1293,JFK,82,2015-12-22
1294,JLN,1,2015-12-22
1295,JMS,1,2015-12-22
1296,JNU,9,2015-12-22
1297,KOA,27,2015-12-22
1298,KTN,5,2015-12-22
1299,LAN,5,2015-12-22
1300,LAR,1,2015-12-22
1301,LAS,114,2015-12-22
1302,LAW,4,2015-12-22
1303,LAX,148,2015-12-22
1304,LBB,10,2015-12-22
1305,LBE,2,2015-12-22
1306,LCH,3,2015-12-22
1307,LEX,7,2015-12-22
1308,LFT,8,2015-12-22
1309,LGA,157,2015-12-22
1310,LGB,9,2015-12-22
1311,LIH,33,2015-12-22
1312,LIT,17,2015-12-22
1313,LNK,3,2015-12-22
1314,LRD,3,2015-12-22
1315,LSE,4,2015-12-22
1316,LWS,1,2015-12-22
1317,MAF,8,2015-12-22
1318,MBS,5,2015-12-22
1319,MCI,46,2015-12-22
1320,MCO,160,2015-12-22
1321,MDT,7,2015-12-22
1322,MDW,51,2015-12-22
1323,MEI,2,2015-12-22
1324,MEM,22,2015-12-22
1325,MFE,6,2015-12-22
1326,MFR,1,2015-12-22
1327,MGM,3,2015-12-22
1328,MHK,2,2015-12-22
1329,MHT,9,2015-12-22
1330,MIA,90,2015-12-22
1331,MKE,37,2015-12-22
1332,MKG,1,2015-12-22
1333,MLB,1,2015-12-22
1334,MLI,5,2015-12-22
1335,MLU,7,2015-12-22
1336,MOB,6,2015-12-22
1337,MOT,3,2015-12-22
1338,MQT,2,2015-12-22
1339,MRY,3,2015-12-22
1340,MSN,14,2015-12-22
1341,MSO,3,2015-12-22
1342,MSP,164,2015-12-22
1343,MSY,41,2015-12-22
1344,MTJ,2,2015-12-22
1345,MYR,3,2015-12-22
1346,OAJ,3,2015-12-22
1347,OAK,17,2015-12-22
1348,OGG,45,2015-12-22
1349,OKC,31,2015-12-22
1350,OMA,24,2015-12-22
1351,ONT,12,2015-12-22
1352,ORD,451,2015-12-22
1353,ORF,13,2015-12-22
1354,ORH,1,2015-12-22
1355,OTZ,1,2015-12-22
1356,PAH,1,2015-12-22
1357,PBG,1,2015-12-22
1358,PBI,48,2015-12-22
1359,PDX,67,2015-12-22
1360,PHF,2,2015-12-22
1361,PHL,70,2015-12-22
1362,PHX,172,2015-12-22
1363,PIA,10,2015-12-22
1364,PIB,2,2015-12-22
1365,PIT,30,2015-12-22
1366,PLN,1,2015-12-22
1367,PNS,8,2015-12-22
1368,PSC,6,2015-12-22
1369,PSE,2,2015-12-22
1370,PSG,2,2015-12-22
1371,PSP,19,2015-12-22
1372,PVD,12,2015-12-22
1373,PWM,12,2015-12-22
1374,RAP,8,2015-12-22
1375,RDM,4,2015-12-22
1376,RDU,38,2015-12-22
1377,RHI,2,2015-12-22
1378,RIC,22,2015-12-22
1379,RKS,1,2015-12-22
1380,RNO,9,2015-12-22
1381,ROA,1,2015-12-22
1382,ROC,8,2015-12-22
1383,ROW,2,2015-12-22
1384,RST,3,2015-12-22
1385,RSW,68,2015-12-22
1386,SAF,1,2015-12-22
1387,SAN,66,2015-12-22
1388,SAT,46,2015-12-22
1389,SAV,8,2015-12-22
1390,SBA,1,2015-12-22
1391,SBN,7,2015-12-22
1392,SBP,1,2015-12-22
1393,SCC,2,2015-12-22
1394,SCE,1,2015-12-22
1395,SDF,10,2015-12-22
1396,SEA,141,2015-12-22
1397,SFO,55,2015-12-22
1398,SGF,10,2015-12-22
1399,SGU,2,2015-12-22
1400,SHV,9,2015-12-22
1401,SIT,2,2015-12-22
1402,SJC,29,2015-12-22
1403,SJT,5,2015-12-22
1404,SJU,42,2015-12-22
1405,SLC,87,2015-12-22
1406,SMF,36,2015-12-22
1407,SNA,28,2015-12-22
1408,SPI,1,2015-12-22
1409,SRQ,7,2015-12-22
1410,STL,67,2015-12-22
1411,STT,7,2015-12-22
1412,STX,2,2015-12-22
1413,SUX,2,2015-12-22
1414,SWF,2,2015-12-22
1415,SYR,14,2015-12-22
1416,TLH,3,2015-12-22
1417,TOL,2,2015-12-22
1418,TPA,102,2015-12-22
1419,TRI,5,2015-12-22
1420,TTN,6,2015-12-22
1421,TUL,25,2015-12-22
1422,TUS,24,2015-12-22
1423,TVC,6,2015-12-22
1424,TXK,1,2015-12-22
1425,TYR,4,2015-12-22
1426,TYS,12,2015-12-22
1427,VLD,2,2015-12-22
1428,VPS,7,2015-12-22
1429,WRG,2,2015-12-22
1430,XNA,15,2015-12-22
1431,YAK,1,2015-12-22
1432,YUM,4,2015-12-22
1433,ABI,5,2015-12-23
1434,ABQ,18,2015-12-23
1435,ABY,1,2015-12-23
1436,ACT,5,2015-12-23
1437,ACV,2,2015-12-23
1438,ACY,2,2015-12-23
1439,ADQ,1,2015-12-23
1440,AEX,7,2015-12-23
1441,AGS,3,2015-12-23
1442,ALB,12,2015-12-23
1443,ALO,1,2015-12-23
1444,AMA,2,2015-12-23
1445,ANC,25,2015-12-23
1446,APN,1,2015-12-23
1447,ASE,5,2015-12-23
1448,ATL,249,2015-12-23
1449,ATW,2,2015-12-23
1450,AUS,51,2015-12-23
1451,AVL,2,2015-12-23
1452,AZO,2,2015-12-23
1453,BDL,19,2015-12-23
1454,BFL,3,2015-12-23
1455,BGM,1,2015-12-23
1456,BGR,1,2015-12-23
1457,BHM,18,2015-12-23
1458,BIL,9,2015-12-23
1459,BIS,7,2015-12-23
1460,BJI,1,2015-12-23
1461,BLI,3,2015-12-23
1462,BMI,6,2015-12-23
1463,BNA,49,2015-12-23
1464,BOI,17,2015-12-23
1465,BOS,114,2015-12-23
1466,BPT,1,2015-12-23
1467,BQN,3,2015-12-23
1468,BRD,1,2015-12-23
1469,BRO,6,2015-12-23
1470,BRW,1,2015-12-23
1471,BTM,2,2015-12-23
1472,BTR,3,2015-12-23
1473,BTV,4,2015-12-23
1474,BUF,26,2015-12-23
1475,BUR,23,2015-12-23
1476,BWI,58,2015-12-23
1477,BZN,11,2015-12-23
1478,CAE,4,2015-12-23
1479,CAK,11,2015-12-23
1480,CDV,2,2015-12-23
1481,CHA,2,2015-12-23
1482,CHO,3,2015-12-23
1483,CHS,19,2015-12-23
1484,CID,11,2015-12-23
1485,CIU,1,2015-12-23
1486,CLE,50,2015-12-23
1487,CLL,5,2015-12-23
1488,CLT,59,2015-12-23
1489,CMH,32,2015-12-23
1490,CMI,4,2015-12-23
1491,CMX,1,2015-12-23
1492,COD,1,2015-12-23
1493,COS,10,2015-12-23
1494,COU,1,2015-12-23
1495,CPR,2,2015-12-23
1496,CRP,8,2015-12-23
1497,CRW,3,2015-12-23
1498,CSG,1,2015-12-23
1499,CVG,24,2015-12-23
1500,CWA,1,2015-12-23
1501,DAB,4,2015-12-23
1502,DAL,43,2015-12-23
1503,DAY,9,2015-12-23
1504,DCA,64,2015-12-23
1505,DEN,214,2015-12-23
1506,DFW,340,2015-12-23
1507,DHN,2,2015-12-23
1508,DLH,2,2015-12-23
1509,DSM,8,2015-12-23
1510,DTW,114,2015-12-23
1511,DVL,1,2015-12-23
1512,EAU,1,2015-12-23
1513,ECP,5,2015-12-23
1514,EGE,6,2015-12-23
1515,EKO,1,2015-12-23
1516,ELP,13,2015-12-23
1517,ERI,1,2015-12-23
1518,ESC,1,2015-12-23
1519,EUG,4,2015-12-23
1520,EVV,2,2015-12-23
1521,EWN,1,2015-12-23
1522,EWR,53,2015-12-23
1523,EYW,4,2015-12-23
1524,FAI,4,2015-12-23
1525,FAR,9,2015-12-23
1526,FAT,8,2015-12-23
1527,FAY,3,2015-12-23
1528,FCA,2,2015-12-23
1529,FLG,1,2015-12-23
1530,FLL,94,2015-12-23
1531,FNT,7,2015-12-23
1532,FSD,3,2015-12-23
1533,FSM,5,2015-12-23
1534,FWA,9,2015-12-23
1535,GCC,1,2015-12-23
1536,GCK,2,2015-12-23
1537,GEG,9,2015-12-23
1538,GFK,3,2015-12-23
1539,GGG,2,2015-12-23
1540,GJT,4,2015-12-23
1541,GNV,6,2015-12-23
1542,GPT,5,2015-12-23
1543,GRB,8,2015-12-23
1544,GRI,2,2015-12-23
1545,GRK,5,2015-12-23
1546,GRR,15,2015-12-23
1547,GSO,4,2015-12-23
1548,GSP,8,2015-12-23
1549,GTF,3,2015-12-23
1550,GTR,1,2015-12-23
1551,GUM,1,2015-12-23
1552,HIB,2,2015-12-23
1553,HLN,3,2015-12-23
1554,HNL,92,2015-12-23
1555,HOB,1,2015-12-23
1556,HOU,38,2015-12-23
1557,HPN,3,2015-12-23
1558,HRL,8,2015-12-23
1559,HSV,6,2015-12-23
1560,IAD,36,2015-12-23
1561,IAG,1,2015-12-23
1562,IAH,190,2015-12-23
1563,ICT,14,2015-12-23
1564,IDA,1,2015-12-23
1565,ILM,4,2015-12-23
1566,IMT,1,2015-12-23
1567,IND,38,2015-12-23
1568,INL,1,2015-12-23
1569,ISN,2,2015-12-23
1570,ISP,3,2015-12-23
1571,ITO,9,2015-12-23
1572,JAC,4,2015-12-23
1573,JAN,10,2015-12-23
1574,JAX,28,2015-12-23
1575,JFK,76,2015-12-23
1576,JLN,2,2015-12-23
1577,JMS,3,2015-12-23
1578,JNU,9,2015-12-23
1579,KOA,18,2015-12-23
1580,KTN,5,2015-12-23
1581,LAN,2,2015-12-23
1582,LAS,152,2015-12-23
1583,LAW,3,2015-12-23
1584,LAX,185,2015-12-23
1585,LBB,6,2015-12-23
1586,LBE,2,2015-12-23
1587,LCH,6,2015-12-23
1588,LEX,8,2015-12-23
1589,LFT,10,2015-12-23
1590,LGA,56,2015-12-23
1591,LGB,6,2015-12-23
1592,LIH,24,2015-12-23
1593,LIT,12,2015-12-23
1594,LNK,3,2015-12-23
1595,LRD,5,2015-12-23
1596,LSE,4,2015-12-23
1597,LWS,1,2015-12-23
1598,MAF,11,2015-12-23
1599,MBS,3,2015-12-23
1600,MCI,58,2015-12-23
1601,MCO,130,2015-12-23
1602,MDT,4,2015-12-23
1603,MDW,46,2015-12-23
1604,MEI,1,2015-12-23
1605,MEM,15,2015-12-23
1606,MFE,6,2015-12-23
1607,MFR,3,2015-12-23
1608,MGM,4,2015-12-23
1609,MHK,3,2015-12-23
1610,MHT,9,2015-12-23
1611,MIA,85,2015-12-23
1612,MKE,32,2015-12-23
1613,MKG,1,2015-12-23
1614,MLB,2,2015-12-23
1615,MLI,4,2015-12-23
1616,MLU,6,2015-12-23
1617,MOB,9,2015-12-23
1618,MOT,2,2015-12-23
1619,MQT,2,2015-12-23
1620,MRY,5,2015-12-23
1621,MSN,9,2015-12-23
1622,MSO,2,2015-12-23
1623,MSP,120,2015-12-23
1624,MSY,44,2015-12-23
1625,MTJ,1,2015-12-23
1626,MYR,5,2015-12-23
1627,OAJ,1,2015-12-23
1628,OAK,18,2015-12-23
1629,OGG,41,2015-12-23
1630,OKC,31,2015-12-23
1631,OMA,17,2015-12-23
1632,OME,1,2015-12-23
1633,ONT,28,2015-12-23
1634,ORD,239,2015-12-23
1635,ORF,7,2015-12-23
1636,ORH,1,2015-12-23
1637,PBG,1,2015-12-23
1638,PBI,36,2015-12-23
1639,PDX,71,2015-12-23
1640,PHF,2,2015-12-23
1641,PHL,46,2015-12-23
1642,PHX,182,2015-12-23
1643,PIA,4,2015-12-23
1644,PIB,1,2015-12-23
1645,PIH,1,2015-12-23
1646,PIT,36,2015-12-23
1647,PLN,1,2015-12-23
1648,PNS,11,2015-12-23
1649,PSC,5,2015-12-23
1650,PSG,2,2015-12-23
1651,PSP,25,2015-12-23
1652,PVD,13,2015-12-23
1653,PWM,8,2015-12-23
1654,RAP,7,2015-12-23
1655,RDD,1,2015-12-23
1656,RDM,4,2015-12-23
1657,RDU,15,2015-12-23
1658,RHI,1,2015-12-23
1659,RIC,12,2015-12-23
1660,RKS,1,2015-12-23
1661,RNO,16,2015-12-23
1662,ROC,9,2015-12-23
1663,ROW,1,2015-12-23
1664,RST,1,2015-12-23
1665,RSW,43,2015-12-23
1666,SAF,1,2015-12-23
1667,SAN,81,2015-12-23
1668,SAT,37,2015-12-23
1669,SAV,7,2015-12-23
1670,SBA,6,2015-12-23
1671,SBN,5,2015-12-23
1672,SBP,6,2015-12-23
1673,SCC,1,2015-12-23
1674,SCE,3,2015-12-23
1675,SDF,13,2015-12-23
1676,SEA,146,2015-12-23
1677,SFO,150,2015-12-23
1678,SGF,10,2015-12-23
1679,SGU,1,2015-12-23
1680,SHV,12,2015-12-23
1681,SIT,3,2015-12-23
1682,SJC,32,2015-12-23
1683,SJT,3,2015-12-23
1684,SJU,23,2015-12-23
1685,SLC,105,2015-12-23
1686,SMF,28,2015-12-23
1687,SMX,1,2015-12-23
1688,SNA,48,2015-12-23
1689,SPI,1,2015-12-23
1690,SPS,3,2015-12-23
1691,SRQ,4,2015-12-23
1692,STL,27,2015-12-23
1693,STT,9,2015-12-23
1694,STX,2,2015-12-23
1695,SUN,3,2015-12-23
1696,SUX,1,2015-12-23
1697,SWF,1,2015-12-23
1698,SYR,8,2015-12-23
1699,TLH,1,2015-12-23
1700,TOL,3,2015-12-23
1701,TPA,82,2015-12-23
1702,TRI,4,2015-12-23
1703,TTN,7,2015-12-23
1704,TUL,21,2015-12-23
1705,TUS,25,2015-12-23
1706,TVC,3,2015-12-23
1707,TXK,2,2015-12-23
1708,TYR,5,2015-12-23
1709,TYS,6,2015-12-23
1710,UST,1,2015-12-23
1711,VLD,2,2015-12-23
1712,VPS,10,2015-12-23
1713,WRG,2,2015-12-23
1714,XNA,14,2015-12-23
1715,YAK,2,2015-12-23
1716,YUM,4,2015-12-23
1717,ABE,1,2015-12-24
1718,ABI,5,2015-12-24
1719,ABQ,20,2015-12-24
1720,ACT,5,2015-12-24
1721,ACV,1,2015-12-24
1722,ACY,9,2015-12-24
1723,ADK,1,2015-12-24
1724,ADQ,1,2015-12-24
1725,AEX,4,2015-12-24
1726,ALB,14,2015-12-24
1727,ALO,1,2015-12-24
1728,AMA,7,2015-12-24
1729,ANC,28,2015-12-24
1730,APN,1,2015-12-24
1731,ASE,2,2015-12-24
1732,ATL,44,2015-12-24
1733,ATW,3,2015-12-24
1734,AUS,64,2015-12-24
1735,AVL,2,2015-12-24
1736,AVP,1,2015-12-24
1737,AZO,4,2015-12-24
1738,BDL,12,2015-12-24
1739,BET,1,2015-12-24
1740,BFL,3,2015-12-24
1741,BGR,1,2015-12-24
1742,BHM,15,2015-12-24
1743,BIL,6,2015-12-24
1744,BIS,7,2015-12-24
1745,BJI,1,2015-12-24
1746,BLI,2,2015-12-24
1747,BMI,3,2015-12-24
1748,BNA,43,2015-12-24
1749,BOI,18,2015-12-24
1750,BOS,131,2015-12-24
1751,BRD,1,2015-12-24
1752,BRO,6,2015-12-24
1753,BRW,2,2015-12-24
1754,BTM,1,2015-12-24
1755,BTR,6,2015-12-24
1756,BTV,7,2015-12-24
1757,BUF,31,2015-12-24
1758,BUR,25,2015-12-24
1759,BWI,79,2015-12-24
1760,BZN,8,2015-12-24
1761,CAE,3,2015-12-24
1762,CAK,6,2015-12-24
1763,CDC,1,2015-12-24
1764,CDV,2,2015-12-24
1765,CHA,2,2015-12-24
1766,CHO,3,2015-12-24
1767,CHS,11,2015-12-24
1768,CID,11,2015-12-24
1769,CIU,2,2015-12-24
1770,CLE,46,2015-12-24
1771,CLL,3,2015-12-24
1772,CLT,119,2015-12-24
1773,CMH,31,2015-12-24
1774,CMI,7,2015-12-24
1775,CMX,1,2015-12-24
1776,COS,12,2015-12-24
1777,COU,1,2015-12-24
1778,CPR,2,2015-12-24
1779,CRP,7,2015-12-24
1780,CRW,2,2015-12-24
1781,CVG,25,2015-12-24
1782,CWA,3,2015-12-24
1783,DAB,2,2015-12-24
1784,DAL,69,2015-12-24
1785,DAY,12,2015-12-24
1786,DBQ,3,2015-12-24
1787,DCA,75,2015-12-24
1788,DEN,255,2015-12-24
1789,DFW,382,2015-12-24
1790,DLH,4,2015-12-24
1791,DSM,9,2015-12-24
1792,DTW,122,2015-12-24
1793,DVL,2,2015-12-24
1794,EAU,1,2015-12-24
1795,ECP,1,2015-12-24
1796,EGE,6,2015-12-24
1797,EKO,1,2015-12-24
1798,ELM,2,2015-12-24
1799,ELP,17,2015-12-24
1800,ERI,1,2015-12-24
1801,ESC,1,2015-12-24
1802,EUG,6,2015-12-24
1803,EVV,3,2015-12-24
1804,EWN,1,2015-12-24
1805,EWR,100,2015-12-24
1806,FAI,3,2015-12-24
1807,FAR,10,2015-12-24
1808,FAT,10,2015-12-24
1809,FAY,1,2015-12-24
1810,FCA,1,2015-12-24
1811,FLG,3,2015-12-24
1812,FLL,109,2015-12-24
1813,FNT,9,2015-12-24
1814,FSD,8,2015-12-24
1815,FSM,2,2015-12-24
1816,FWA,10,2015-12-24
1817,GCC,1,2015-12-24
1818,GCK,1,2015-12-24
1819,GEG,12,2015-12-24
1820,GFK,2,2015-12-24
1821,GGG,1,2015-12-24
1822,GJT,7,2015-12-24
1823,GNV,3,2015-12-24
1824,GPT,5,2015-12-24
1825,GRB,8,2015-12-24
1826,GRI,1,2015-12-24
1827,GRK,6,2015-12-24
1828,GRR,16,2015-12-24
1829,GSO,3,2015-12-24
1830,GSP,5,2015-12-24
1831,GTF,4,2015-12-24
1832,HDN,5,2015-12-24
1833,HIB,2,2015-12-24
1834,HLN,2,2015-12-24
1835,HNL,91,2015-12-24
1836,HOB,2,2015-12-24
1837,HOU,51,2015-12-24
1838,HPN,2,2015-12-24
1839,HRL,6,2015-12-24
1840,HSV,4,2015-12-24
1841,HYS,2,2015-12-24
1842,IAD,36,2015-12-24
1843,IAG,1,2015-12-24
1844,IAH,192,2015-12-24
1845,ICT,12,2015-12-24
1846,IDA,3,2015-12-24
1847,ILM,2,2015-12-24
1848,IMT,2,2015-12-24
1849,IND,32,2015-12-24
1850,INL,2,2015-12-24
1851,ISN,3,2015-12-24
1852,ISP,6,2015-12-24
1853,ITH,1,2015-12-24
1854,ITO,10,2015-12-24
1855,JAC,6,2015-12-24
1856,JAN,7,2015-12-24
1857,JAX,24,2015-12-24
1858,JFK,85,2015-12-24
1859,JLN,1,2015-12-24
1860,JMS,3,2015-12-24
1861,JNU,8,2015-12-24
1862,KOA,25,2015-12-24
1863,KTN,6,2015-12-24
1864,LAN,4,2015-12-24
1865,LAR,1,2015-12-24
1866,LAS,147,2015-12-24
1867,LAW,3,2015-12-24
1868,LAX,195,2015-12-24
1869,LBB,8,2015-12-24
1870,LBE,2,2015-12-24
1871,LCH,4,2015-12-24
1872,LEX,7,2015-12-24
1873,LFT,6,2015-12-24
1874,LGA,94,2015-12-24
1875,LGB,11,2015-12-24
1876,LIH,25,2015-12-24
1877,LIT,19,2015-12-24
1878,LNK,2,2015-12-24
1879,LRD,3,2015-12-24
1880,LSE,5,2015-12-24
1881,LWS,2,2015-12-24
1882,MAF,10,2015-12-24
1883,MBS,4,2015-12-24
1884,MCI,48,2015-12-24
1885,MCO,155,2015-12-24
1886,MDT,3,2015-12-24
1887,MDW,75,2015-12-24
1888,MEM,20,2015-12-24
1889,MFE,6,2015-12-24
1890,MFR,3,2015-12-24
1891,MGM,2,2015-12-24
1892,MHK,3,2015-12-24
1893,MHT,9,2015-12-24
1894,MIA,125,2015-12-24
1895,MKE,43,2015-12-24
1896,MKG,2,2015-12-24
1897,MLB,1,2015-12-24
1898,MLI,6,2015-12-24
1899,MLU,4,2015-12-24
1900,MOB,5,2015-12-24
1901,MOT,3,2015-12-24
1902,MRY,3,2015-12-24
1903,MSN,13,2015-12-24
1904,MSO,3,2015-12-24
1905,MSP,140,2015-12-24
1906,MSY,47,2015-12-24
1907,MTJ,4,2015-12-24
1908,MYR,5,2015-12-24
1909,OAK,30,2015-12-24
1910,OGG,42,2015-12-24
1911,OKC,27,2015-12-24
1912,OMA,14,2015-12-24
1913,ONT,23,2015-12-24
1914,ORD,439,2015-12-24
1915,ORF,9,2015-12-24
1916,ORH,2,2015-12-24
1917,OTH,1,2015-12-24
1918,OTZ,1,2015-12-24
1919,PAH,2,2015-12-24
1920,PBG,1,2015-12-24
1921,PBI,43,2015-12-24
1922,PDX,87,2015-12-24
1923,PHL,48,2015-12-24
1924,PHX,188,2015-12-24
1925,PIA,8,2015-12-24
1926,PIB,1,2015-12-24
1927,PIH,1,2015-12-24
1928,PIT,32,2015-12-24
1929,PLN,2,2015-12-24
1930,PNS,5,2015-12-24
1931,PSC,6,2015-12-24
1932,PSE,1,2015-12-24
1933,PSG,2,2015-12-24
1934,PSP,21,2015-12-24
1935,PVD,14,2015-12-24
1936,PWM,8,2015-12-24
1937,RAP,5,2015-12-24
1938,RDD,1,2015-12-24
1939,RDM,6,2015-12-24
1940,RDU,32,2015-12-24
1941,RHI,2,2015-12-24
1942,RIC,14,2015-12-24
1943,RKS,2,2015-12-24
1944,RNO,11,2015-12-24
1945,ROA,1,2015-12-24
1946,ROC,13,2015-12-24
1947,ROW,2,2015-12-24
1948,RST,3,2015-12-24
1949,RSW,55,2015-12-24
1950,SAF,1,2015-12-24
1951,SAN,91,2015-12-24
1952,SAT,43,2015-12-24
1953,SAV,6,2015-12-24
1954,SBA,9,2015-12-24
1955,SBN,7,2015-12-24
1956,SBP,4,2015-12-24
1957,SCC,1,2015-12-24
1958,SCE,2,2015-12-24
1959,SDF,12,2015-12-24
1960,SEA,187,2015-12-24
1961,SFO,124,2015-12-24
1962,SGF,10,2015-12-24
1963,SGU,3,2015-12-24
1964,SHV,7,2015-12-24
1965,SIT,2,2015-12-24
1966,SJC,26,2015-12-24
1967,SJT,4,2015-12-24
1968,SJU,37,2015-12-24
1969,SLC,128,2015-12-24
1970,SMF,32,2015-12-24
1971,SMX,2,2015-12-24
1972,SNA,40,2015-12-24
1973,SPI,4,2015-12-24
1974,SPS,2,2015-12-24
1975,SRQ,7,2015-12-24
1976,STL,50,2015-12-24
1977,STT,7,2015-12-24
1978,STX,2,2015-12-24
1979,SUN,1,2015-12-24
1980,SUX,2,2015-12-24
1981,SWF,2,2015-12-24
1982,SYR,8,2015-12-24
1983,TLH,3,2015-12-24
1984,TOL,3,2015-12-24
1985,TPA,97,2015-12-24
1986,TTN,5,2015-12-24
1987,TUL,22,2015-12-24
1988,TUS,28,2015-12-24
1989,TVC,6,2015-12-24
1990,TWF,1,2015-12-24
1991,TXK,2,2015-12-24
1992,TYR,4,2015-12-24
1993,TYS,7,2015-12-24
1994,VLD,1,2015-12-24
1995,VPS,4,2015-12-24
1996,WRG,2,2015-12-24
1997,XNA,12,2015-12-24
1998,YAK,2,2015-12-24
1999,YUM,5,2015-12-24
2000,ABI,5,2015-12-25
2001,ABQ,22,2015-12-25
2002,ACT,4,2015-12-25
2003,ACV,3,2015-12-25
2004,ACY,8,2015-12-25
2005,AEX,1,2015-12-25
2006,AGS,2,2015-12-25
2007,ALB,16,2015-12-25
2008,ALO,1,2015-12-25
2009,AMA,5,2015-12-25
2010,ANC,22,2015-12-25
2011,APN,1,2015-12-25
2012,ASE,2,2015-12-25
2013,ATL,278,2015-12-25
2014,ATW,3,2015-12-25
2015,AUS,65,2015-12-25
2016,AVL,2,2015-12-25
2017,AVP,2,2015-12-25
2018,AZO,5,2015-12-25
2019,BDL,33,2015-12-25
2020,BFL,4,2015-12-25
2021,BGM,1,2015-12-25
2022,BHM,7,2015-12-25
2023,BIL,3,2015-12-25
2024,BIS,4,2015-12-25
2025,BJI,1,2015-12-25
2026,BLI,3,2015-12-25
2027,BMI,4,2015-12-25
2028,BNA,46,2015-12-25
2029,BOI,14,2015-12-25
2030,BOS,141,2015-12-25
2031,BPT,3,2015-12-25
2032,BQN,3,2015-12-25
2033,BRD,2,2015-12-25
2034,BRO,4,2015-12-25
2035,BRW,1,2015-12-25
2036,BTM,1,2015-12-25
2037,BTR,9,2015-12-25
2038,BTV,5,2015-12-25
2039,BUF,27,2015-12-25
2040,BUR,20,2015-12-25
2041,BWI,99,2015-12-25
2042,BZN,6,2015-12-25
2043,CAE,5,2015-12-25
2044,CAK,7,2015-12-25
2045,CHA,4,2015-12-25
2046,CHO,1,2015-12-25
2047,CHS,20,2015-12-25
2048,CID,2,2015-12-25
2049,CIU,1,2015-12-25
2050,CLE,48,2015-12-25
2051,CLL,4,2015-12-25
2052,CLT,172,2015-12-25
2053,CMH,37,2015-12-25
2054,CMI,6,2015-12-25
2055,CMX,2,2015-12-25
2056,COS,10,2015-12-25
2057,COU,3,2015-12-25
2058,CPR,2,2015-12-25
2059,CRP,2,2015-12-25
2060,CRW,3,2015-12-25
2061,CVG,24,2015-12-25
2062,CWA,3,2015-12-25
2063,DAB,3,2015-12-25
2064,DAL,67,2015-12-25
2065,DAY,14,2015-12-25
2066,DBQ,2,2015-12-25
2067,DCA,90,2015-12-25
2068,DEN,166,2015-12-25
2069,DFW,373,2015-12-25
2070,DHN,2,2015-12-25
2071,DLH,4,2015-12-25
2072,DSM,14,2015-12-25
2073,DTW,115,2015-12-25
2074,DVL,1,2015-12-25
2075,ECP,5,2015-12-25
2076,EKO,1,2015-12-25
2077,ELM,2,2015-12-25
2078,ELP,20,2015-12-25
2079,ESC,2,2015-12-25
2080,EUG,4,2015-12-25
2081,EVV,4,2015-12-25
2082,EWR,109,2015-12-25
2083,EYW,3,2015-12-25
2084,FAI,3,2015-12-25
2085,FAR,11,2015-12-25
2086,FAT,12,2015-12-25
2087,FAY,1,2015-12-25
2088,FCA,2,2015-12-25
2089,FLG,4,2015-12-25
2090,FLL,164,2015-12-25
2091,FNT,8,2015-12-25
2092,FSD,4,2015-12-25
2093,FSM,4,2015-12-25
2094,FWA,9,2015-12-25
2095,GCC,1,2015-12-25
2096,GCK,1,2015-12-25
2097,GEG,14,2015-12-25
2098,GFK,1,2015-12-25
2099,GGG,2,2015-12-25
2100,GJT,2,2015-12-25
2101,GNV,6,2015-12-25
2102,GPT,5,2015-12-25
2103,GRB,7,2015-12-25
2104,GRI,1,2015-12-25
2105,GRK,6,2015-12-25
2106,GRR,16,2015-12-25
2107,GSO,5,2015-12-25
2108,GSP,6,2015-12-25
2109,GTF,2,2015-12-25
2110,GUC,1,2015-12-25
2111,GUM,1,2015-12-25
2112,HDN,4,2015-12-25
2113,HIB,3,2015-12-25
2114,HLN,1,2015-12-25
2115,HNL,106,2015-12-25
2116,HOB,1,2015-12-25
2117,HOU,54,2015-12-25
2118,HPN,10,2015-12-25
2119,HRL,6,2015-12-25
2120,HSV,1,2015-12-25
2121,HYS,1,2015-12-25
2122,IAD,42,2015-12-25
2123,IAG,1,2015-12-25
2124,IAH,172,2015-12-25
2125,ICT,13,2015-12-25
2126,IDA,1,2015-12-25
2127,ILM,3,2015-12-25
2128,IMT,2,2015-12-25
2129,IND,37,2015-12-25
2130,INL,2,2015-12-25
2131,ISN,2,2015-12-25
2132,ISP,11,2015-12-25
2133,ITH,1,2015-12-25
2134,ITO,13,2015-12-25
2135,JAC,8,2015-12-25
2136,JAN,11,2015-12-25
2137,JAX,39,2015-12-25
2138,JFK,104,2015-12-25
2139,JLN,1,2015-12-25
2140,JMS,2,2015-12-25
2141,JNU,4,2015-12-25
2142,KOA,29,2015-12-25
2143,KTN,4,2015-12-25
2144,LAN,3,2015-12-25
2145,LAS,192,2015-12-25
2146,LAW,2,2015-12-25
2147,LAX,230,2015-12-25
2148,LBB,8,2015-12-25
2149,LBE,1,2015-12-25
2150,LCH,4,2015-12-25
2151,LEX,5,2015-12-25
2152,LFT,7,2015-12-25
2153,LGA,120,2015-12-25
2154,LGB,13,2015-12-25
2155,LIH,30,2015-12-25
2156,LIT,19,2015-12-25
2157,LNK,2,2015-12-25
2158,LRD,3,2015-12-25
2159,LSE,4,2015-12-25
2160,LWS,1,2015-12-25
2161,MAF,4,2015-12-25
2162,MBS,3,2015-12-25
2163,MCI,47,2015-12-25
2164,MCO,192,2015-12-25
2165,MDT,3,2015-12-25
2166,MDW,85,2015-12-25
2167,MEI,2,2015-12-25
2168,MEM,19,2015-12-25
2169,MFE,3,2015-12-25
2170,MFR,3,2015-12-25
2171,MGM,4,2015-12-25
2172,MHK,5,2015-12-25
2173,MHT,9,2015-12-25
2174,MIA,116,2015-12-25
2175,MKE,44,2015-12-25
2176,MKG,1,2015-12-25
2177,MLB,3,2015-12-25
2178,MLI,8,2015-12-25
2179,MLU,4,2015-12-25
2180,MOB,9,2015-12-25
2181,MOT,2,2015-12-25
2182,MQT,2,2015-12-25
2183,MRY,3,2015-12-25
2184,MSN,15,2015-12-25
2185,MSO,3,2015-12-25
2186,MSP,103,2015-12-25
2187,MSY,53,2015-12-25
2188,MTJ,3,2015-12-25
2189,MYR,7,2015-12-25
2190,OAJ,1,2015-12-25
2191,OAK,39,2015-12-25
2192,OGG,54,2015-12-25
2193,OKC,26,2015-12-25
2194,OMA,22,2015-12-25
2195,ONT,23,2015-12-25
2196,ORD,401,2015-12-25
2197,ORF,13,2015-12-25
2198,ORH,1,2015-12-25
2199,PAH,1,2015-12-25
2200,PBG,1,2015-12-25
2201,PBI,56,2015-12-25
2202,PDX,88,2015-12-25
2203,PHL,79,2015-12-25
2204,PHX,172,2015-12-25
2205,PIA,10,2015-12-25
2206,PIB,2,2015-12-25
2207,PIH,1,2015-12-25
2208,PIT,35,2015-12-25
2209,PLN,2,2015-12-25
2210,PNS,6,2015-12-25
2211,PPG,1,2015-12-25
2212,PSC,5,2015-12-25
2213,PSE,2,2015-12-25
2214,PSP,18,2015-12-25
2215,PVD,22,2015-12-25
2216,PWM,7,2015-12-25
2217,RAP,7,2015-12-25
2218,RDD,1,2015-12-25
2219,RDM,3,2015-12-25
2220,RDU,48,2015-12-25
2221,RHI,2,2015-12-25
2222,RIC,25,2015-12-25
2223,RKS,1,2015-12-25
2224,RNO,15,2015-12-25
2225,ROA,3,2015-12-25
2226,ROC,12,2015-12-25
2227,ROW,1,2015-12-25
2228,RST,3,2015-12-25
2229,RSW,77,2015-12-25
2230,SAF,2,2015-12-25
2231,SAN,96,2015-12-25
2232,SAT,47,2015-12-25
2233,SAV,13,2015-12-25
2234,SBA,7,2015-12-25
2235,SBN,7,2015-12-25
2236,SBP,4,2015-12-25
2237,SCC,1,2015-12-25
2238,SCE,1,2015-12-25
2239,SDF,15,2015-12-25
2240,SEA,162,2015-12-25
2241,SFO,196,2015-12-25
2242,SGF,12,2015-12-25
2243,SHV,11,2015-12-25
2244,SIT,2,2015-12-25
2245,SJC,30,2015-12-25
2246,SJT,4,2015-12-25
2247,SJU,49,2015-12-25
2248,SLC,71,2015-12-25
2249,SMF,41,2015-12-25
2250,SMX,1,2015-12-25
2251,SNA,44,2015-12-25
2252,SPI,3,2015-12-25
2253,SPS,2,2015-12-25
2254,SRQ,5,2015-12-25
2255,STL,68,2015-12-25
2256,STT,11,2015-12-25
2257,STX,3,2015-12-25
2258,SUX,2,2015-12-25
2259,SWF,2,2015-12-25
2260,SYR,13,2015-12-25
2261,TLH,5,2015-12-25
2262,TOL,2,2015-12-25
2263,TPA,127,2015-12-25
2264,TRI,3,2015-12-25
2265,TTN,1,2015-12-25
2266,TUL,15,2015-12-25
2267,TUS,33,2015-12-25
2268,TVC,4,2015-12-25
2269,TWF,1,2015-12-25
2270,TXK,1,2015-12-25
2271,TYR,3,2015-12-25
2272,TYS,9,2015-12-25
2273,VLD,1,2015-12-25
2274,VPS,7,2015-12-25
2275,XNA,10,2015-12-25
2276,YUM,4,2015-12-25
2277,ABE,1,2015-12-26
2278,ABI,4,2015-12-26
2279,ABQ,15,2015-12-26
2280,ABY,1,2015-12-26
2281,ACT,3,2015-12-26
2282,ACV,4,2015-12-26
2283,ACY,6,2015-12-26
2284,ADQ,1,2015-12-26
2285,AEX,5,2015-12-26
2286,AGS,5,2015-12-26
2287,ALB,15,2015-12-26
2288,ALO,1,2015-12-26
2289,AMA,4,2015-12-26
2290,ANC,38,2015-12-26
2291,APN,1,2015-12-26
2292,ASE,1,2015-12-26
2293,ATL,332,2015-12-26
2294,ATW,5,2015-12-26
2295,AUS,49,2015-12-26
2296,AVL,5,2015-12-26
2297,AVP,3,2015-12-26
2298,AZO,4,2015-12-26
2299,BDL,25,2015-12-26
2300,BET,1,2015-12-26
2301,BFL,4,2015-12-26
2302,BGM,1,2015-12-26
2303,BHM,4,2015-12-26
2304,BIL,6,2015-12-26
2305,BIS,6,2015-12-26
2306,BLI,1,2015-12-26
2307,BMI,6,2015-12-26
2308,BNA,65,2015-12-26
2309,BOI,20,2015-12-26
2310,BOS,107,2015-12-26
2311,BPT,2,2015-12-26
2312,BQK,1,2015-12-26
2313,BQN,3,2015-12-26
2314,BRO,6,2015-12-26
2315,BRW,2,2015-12-26
2316,BTM,1,2015-12-26
2317,BTR,10,2015-12-26
2318,BTV,8,2015-12-26
2319,BUF,25,2015-12-26
2320,BUR,25,2015-12-26
2321,BWI,105,2015-12-26
2322,BZN,3,2015-12-26
2323,CAE,8,2015-12-26
2324,CAK,12,2015-12-26
2325,CDC,1,2015-12-26
2326,CDV,2,2015-12-26
2327,CHA,4,2015-12-26
2328,CHO,2,2015-12-26
2329,CHS,18,2015-12-26
2330,CID,9,2015-12-26
2331,CIU,2,2015-12-26
2332,CLE,39,2015-12-26
2333,CLL,2,2015-12-26
2334,CLT,71,2015-12-26
2335,CMH,35,2015-12-26
2336,CMI,4,2015-12-26
2337,CMX,1,2015-12-26
2338,COS,8,2015-12-26
2339,COU,1,2015-12-26
2340,CPR,1,2015-12-26
2341,CRP,2,2015-12-26
2342,CRW,2,2015-12-26
2343,CSG,1,2015-12-26
2344,CVG,27,2015-12-26
2345,CWA,3,2015-12-26
2346,DAB,4,2015-12-26
2347,DAL,48,2015-12-26
2348,DAY,13,2015-12-26
2349,DBQ,1,2015-12-26
2350,DCA,92,2015-12-26
2351,DEN,117,2015-12-26
2352,DFW,225,2015-12-26
2353,DHN,2,2015-12-26
2354,DLH,5,2015-12-26
2355,DRO,2,2015-12-26
2356,DSM,9,2015-12-26
2357,DTW,128,2015-12-26
2358,DVL,1,2015-12-26
2359,ECP,8,2015-12-26
2360,EGE,4,2015-12-26
2361,EKO,1,2015-12-26
2362,ELM,2,2015-12-26
2363,ELP,17,2015-12-26
2364,ERI,1,2015-12-26
2365,ESC,1,2015-12-26
2366,EUG,8,2015-12-26
2367,EVV,3,2015-12-26
2368,EWN,1,2015-12-26
2369,EWR,136,2015-12-26
2370,EYW,6,2015-12-26
2371,FAI,5,2015-12-26
2372,FAR,11,2015-12-26
2373,FAT,10,2015-12-26
2374,FAY,2,2015-12-26
2375,FCA,4,2015-12-26
2376,FLG,4,2015-12-26
2377,FLL,114,2015-12-26
2378,FNT,7,2015-12-26
2379,FSD,2,2015-12-26
2380,FSM,3,2015-12-26
2381,FWA,10,2015-12-26
2382,GCK,1,2015-12-26
2383,GEG,11,2015-12-26
2384,GFK,1,2015-12-26
2385,GGG,2,2015-12-26
2386,GJT,7,2015-12-26
2387,GNV,4,2015-12-26
2388,GPT,6,2015-12-26
2389,GRB,7,2015-12-26
2390,GRK,9,2015-12-26
2391,GRR,11,2015-12-26
2392,GSO,6,2015-12-26
2393,GSP,10,2015-12-26
2394,GTF,2,2015-12-26
2395,GTR,1,2015-12-26
2396,GUC,2,2015-12-26
2397,HDN,6,2015-12-26
2398,HIB,1,2015-12-26
2399,HLN,3,2015-12-26
2400,HNL,70,2015-12-26
2401,HOB,1,2015-12-26
2402,HOU,34,2015-12-26
2403,HPN,2,2015-12-26
2404,HRL,5,2015-12-26
2405,HSV,6,2015-12-26
2406,IAD,38,2015-12-26
2407,IAG,1,2015-12-26
2408,IAH,173,2015-12-26
2409,ICT,12,2015-12-26
2410,IDA,7,2015-12-26
2411,ILM,2,2015-12-26
2412,IMT,1,2015-12-26
2413,IND,41,2015-12-26
2414,INL,1,2015-12-26
2415,ISN,1,2015-12-26
2416,ISP,7,2015-12-26
2417,ITH,1,2015-12-26
2418,ITO,7,2015-12-26
2419,JAC,8,2015-12-26
2420,JAN,11,2015-12-26
2421,JAX,38,2015-12-26
2422,JFK,89,2015-12-26
2423,JMS,1,2015-12-26
2424,JNU,9,2015-12-26
2425,KOA,21,2015-12-26
2426,KTN,4,2015-12-26
2427,LAN,3,2015-12-26
2428,LAS,140,2015-12-26
2429,LAW,2,2015-12-26
2430,LAX,206,2015-12-26
2431,LBB,7,2015-12-26
2432,LBE,2,2015-12-26
2433,LCH,3,2015-12-26
2434,LEX,6,2015-12-26
2435,LFT,5,2015-12-26
2436,LGA,110,2015-12-26
2437,LGB,19,2015-12-26
2438,LIH,20,2015-12-26
2439,LIT,7,2015-12-26
2440,LNK,1,2015-12-26
2441,LRD,3,2015-12-26
2442,LSE,3,2015-12-26
2443,LWS,1,2015-12-26
2444,MAF,4,2015-12-26
2445,MBS,3,2015-12-26
2446,MCI,37,2015-12-26
2447,MCO,141,2015-12-26
2448,MDT,5,2015-12-26
2449,MDW,80,2015-12-26
2450,MEI,1,2015-12-26
2451,MEM,15,2015-12-26
2452,MFE,4,2015-12-26
2453,MFR,4,2015-12-26
2454,MGM,3,2015-12-26
2455,MHK,3,2015-12-26
2456,MHT,9,2015-12-26
2457,MIA,93,2015-12-26
2458,MKE,42,2015-12-26
2459,MLB,2,2015-12-26
2460,MLI,3,2015-12-26
2461,MLU,6,2015-12-26
2462,MOB,11,2015-12-26
2463,MOT,3,2015-12-26
2464,MQT,2,2015-12-26
2465,MRY,3,2015-12-26
2466,MSN,14,2015-12-26
2467,MSO,3,2015-12-26
2468,MSP,119,2015-12-26
2469,MSY,51,2015-12-26
2470,MTJ,2,2015-12-26
2471,MYR,5,2015-12-26
2472,OAJ,1,2015-12-26
2473,OAK,48,2015-12-26
2474,OGG,25,2015-12-26
2475,OKC,13,2015-12-26
2476,OMA,21,2015-12-26
2477,OME,2,2015-12-26
2478,ONT,21,2015-12-26
2479,ORD,326,2015-12-26
2480,ORF,11,2015-12-26
2481,ORH,1,2015-12-26
2482,OTZ,2,2015-12-26
2483,PAH,1,2015-12-26
2484,PBG,1,2015-12-26
2485,PBI,25,2015-12-26
2486,PDX,77,2015-12-26
2487,PHF,2,2015-12-26
2488,PHL,62,2015-12-26
2489,PHX,223,2015-12-26
2490,PIA,7,2015-12-26
2491,PIB,1,2015-12-26
2492,PIH,1,2015-12-26
2493,PIT,28,2015-12-26
2494,PLN,1,2015-12-26
2495,PNS,7,2015-12-26
2496,PSC,1,2015-12-26
2497,PSE,3,2015-12-26
2498,PSG,1,2015-12-26
2499,PSP,18,2015-12-26
2500,PVD,20,2015-12-26
2501,PWM,11,2015-12-26
2502,RAP,1,2015-12-26
2503,RDD,2,2015-12-26
2504,RDM,4,2015-12-26
2505,RDU,38,2015-12-26
2506,RIC,12,2015-12-26
2507,RNO,13,2015-12-26
2508,ROA,3,2015-12-26
2509,ROC,11,2015-12-26
2510,ROW,1,2015-12-26
2511,RST,4,2015-12-26
2512,RSW,62,2015-12-26
2513,SAF,2,2015-12-26
2514,SAN,108,2015-12-26
2515,SAT,39,2015-12-26
2516,SAV,10,2015-12-26
2517,SBA,6,2015-12-26
2518,SBN,9,2015-12-26
2519,SBP,2,2015-12-26
2520,SCC,3,2015-12-26
2521,SCE,3,2015-12-26
2522,SDF,15,2015-12-26
2523,SEA,182,2015-12-26
2524,SFO,219,2015-12-26
2525,SGF,3,2015-12-26
2526,SGU,3,2015-12-26
2527,SHV,13,2015-12-26
2528,SIT,3,2015-12-26
2529,SJC,49,2015-12-26
2530,SJT,2,2015-12-26
2531,SJU,40,2015-12-26
2532,SLC,117,2015-12-26
2533,SMF,41,2015-12-26
2534,SMX,2,2015-12-26
2535,SNA,44,2015-12-26
2536,SPI,1,2015-12-26
2537,SPS,3,2015-12-26
2538,SRQ,5,2015-12-26
2539,STL,26,2015-12-26
2540,STT,11,2015-12-26
2541,STX,2,2015-12-26
2542,SUN,2,2015-12-26
2543,SUX,1,2015-12-26
2544,SWF,1,2015-12-26
2545,SYR,12,2015-12-26
2546,TLH,1,2015-12-26
2547,TOL,2,2015-12-26
2548,TPA,102,2015-12-26
2549,TRI,2,2015-12-26
2550,TTN,1,2015-12-26
2551,TUL,15,2015-12-26
2552,TUS,29,2015-12-26
2553,TVC,3,2015-12-26
2554,TWF,2,2015-12-26
2555,TXK,1,2015-12-26
2556,TYR,1,2015-12-26
2557,TYS,6,2015-12-26
2558,VLD,2,2015-12-26
2559,VPS,6,2015-12-26
2560,WRG,1,2015-12-26
2561,XNA,7,2015-12-26
2562,YAK,2,2015-12-26
2563,YUM,2,2015-12-26
