,MONTH,DAY,ORIGIN_AIRPORT,count,year,date
0,12,18,ABE,7,2015,2015-12-18
1,12,18,ABI,8,2015,2015-12-18
2,12,18,ABQ,55,2015,2015-12-18
3,12,18,ABR,2,2015,2015-12-18
4,12,18,ABY,3,2015,2015-12-18
5,12,18,ACT,5,2015,2015-12-18
6,12,18,ACV,4,2015,2015-12-18
7,12,18,ACY,10,2015,2015-12-18
8,12,18,ADQ,1,2015,2015-12-18
9,12,18,AEX,11,2015,2015-12-18
10,12,18,AGS,8,2015,2015-12-18
11,12,18,ALB,28,2015,2015-12-18
12,12,18,ALO,2,2015,2015-12-18
13,12,18,AMA,9,2015,2015-12-18
14,12,18,ANC,46,2015,2015-12-18
15,12,18,APN,2,2015,2015-12-18
16,12,18,ASE,24,2015,2015-12-18
17,12,18,ATL,1063,2015,2015-12-18
18,12,18,ATW,6,2015,2015-12-18
19,12,18,AUS,132,2015,2015-12-18
20,12,18,AVL,7,2015,2015-12-18
21,12,18,AVP,5,2015,2015-12-18
22,12,18,AZO,7,2015,2015-12-18
23,12,18,BDL,61,2015,2015-12-18
24,12,18,BET,3,2015,2015-12-18
25,12,18,BFL,8,2015,2015-12-18
26,12,18,BGM,3,2015,2015-12-18
27,12,18,BGR,1,2015,2015-12-18
28,12,18,BHM,40,2015,2015-12-18
29,12,18,BIL,7,2015,2015-12-18
30,12,18,BIS,8,2015,2015-12-18
31,12,18,BJI,2,2015,2015-12-18
32,12,18,BLI,4,2015,2015-12-18
33,12,18,BMI,9,2015,2015-12-18
34,12,18,BNA,147,2015,2015-12-18
35,12,18,BOI,42,2015,2015-12-18
36,12,18,BOS,314,2015,2015-12-18
37,12,18,BPT,3,2015,2015-12-18
38,12,18,BQK,3,2015,2015-12-18
39,12,18,BQN,5,2015,2015-12-18
40,12,18,BRD,2,2015,2015-12-18
41,12,18,BRO,7,2015,2015-12-18
42,12,18,BRW,3,2015,2015-12-18
43,12,18,BTM,2,2015,2015-12-18
44,12,18,BTR,21,2015,2015-12-18
45,12,18,BTV,15,2015,2015-12-18
46,12,18,BUF,53,2015,2015-12-18
47,12,18,BUR,60,2015,2015-12-18
48,12,18,BWI,272,2015,2015-12-18
49,12,18,BZN,13,2015,2015-12-18
50,12,18,CAE,16,2015,2015-12-18
51,12,18,CAK,17,2015,2015-12-18
52,12,18,CDC,2,2015,2015-12-18
53,12,18,CDV,2,2015,2015-12-18
54,12,18,CHA,15,2015,2015-12-18
55,12,18,CHO,7,2015,2015-12-18
56,12,18,CHS,35,2015,2015-12-18
57,12,18,CID,19,2015,2015-12-18
58,12,18,CIU,2,2015,2015-12-18
59,12,18,CLE,98,2015,2015-12-18
60,12,18,CLL,5,2015,2015-12-18
61,12,18,CLT,320,2015,2015-12-18
62,12,18,CMH,71,2015,2015-12-18
63,12,18,CMI,7,2015,2015-12-18
64,12,18,CMX,2,2015,2015-12-18
65,12,18,COD,1,2015,2015-12-18
66,12,18,COS,23,2015,2015-12-18
67,12,18,COU,4,2015,2015-12-18
68,12,18,CPR,4,2015,2015-12-18
69,12,18,CRP,12,2015,2015-12-18
70,12,18,CRW,8,2015,2015-12-18
71,12,18,CSG,3,2015,2015-12-18
72,12,18,CVG,63,2015,2015-12-18
73,12,18,CWA,4,2015,2015-12-18
74,12,18,DAB,4,2015,2015-12-18
75,12,18,DAL,202,2015,2015-12-18
76,12,18,DAY,27,2015,2015-12-18
77,12,18,DBQ,3,2015,2015-12-18
78,12,18,DCA,222,2015,2015-12-18
79,12,18,DEN,647,2015,2015-12-18
80,12,18,DFW,751,2015,2015-12-18
81,12,18,DHN,4,2015,2015-12-18
82,12,18,DLH,7,2015,2015-12-18
83,12,18,DRO,7,2015,2015-12-18
84,12,18,DSM,30,2015,2015-12-18
85,12,18,DTW,352,2015,2015-12-18
86,12,18,DVL,2,2015,2015-12-18
87,12,18,EAU,2,2015,2015-12-18
88,12,18,ECP,11,2015,2015-12-18
89,12,18,EGE,10,2015,2015-12-18
90,12,18,EKO,2,2015,2015-12-18
91,12,18,ELM,7,2015,2015-12-18
92,12,18,ELP,37,2015,2015-12-18
93,12,18,ERI,2,2015,2015-12-18
94,12,18,ESC,2,2015,2015-12-18
95,12,18,EUG,10,2015,2015-12-18
96,12,18,EVV,13,2015,2015-12-18
97,12,18,EWN,2,2015,2015-12-18
98,12,18,EWR,348,2015,2015-12-18
99,12,18,EYW,4,2015,2015-12-18
100,12,18,FAI,6,2015,2015-12-18
101,12,18,FAR,21,2015,2015-12-18
102,12,18,FAT,20,2015,2015-12-18
103,12,18,FAY,6,2015,2015-12-18
104,12,18,FCA,5,2015,2015-12-18
105,12,18,FLG,6,2015,2015-12-18
106,12,18,FLL,254,2015,2015-12-18
107,12,18,FNT,14,2015,2015-12-18
108,12,18,FSD,13,2015,2015-12-18
109,12,18,FSM,6,2015,2015-12-18
110,12,18,FWA,16,2015,2015-12-18
111,12,18,GCC,3,2015,2015-12-18
112,12,18,GCK,2,2015,2015-12-18
113,12,18,GEG,30,2015,2015-12-18
114,12,18,GFK,4,2015,2015-12-18
115,12,18,GGG,2,2015,2015-12-18
116,12,18,GJT,11,2015,2015-12-18
117,12,18,GNV,9,2015,2015-12-18
118,12,18,GPT,9,2015,2015-12-18
119,12,18,GRB,12,2015,2015-12-18
120,12,18,GRI,2,2015,2015-12-18
121,12,18,GRK,11,2015,2015-12-18
122,12,18,GRR,30,2015,2015-12-18
123,12,18,GSO,18,2015,2015-12-18
124,12,18,GSP,24,2015,2015-12-18
125,12,18,GTF,6,2015,2015-12-18
126,12,18,GTR,3,2015,2015-12-18
127,12,18,GUC,3,2015,2015-12-18
128,12,18,GUM,1,2015,2015-12-18
129,12,18,HDN,6,2015,2015-12-18
130,12,18,HIB,3,2015,2015-12-18
131,12,18,HLN,4,2015,2015-12-18
132,12,18,HNL,140,2015,2015-12-18
133,12,18,HOB,2,2015,2015-12-18
134,12,18,HOU,166,2015,2015-12-18
135,12,18,HPN,21,2015,2015-12-18
136,12,18,HRL,9,2015,2015-12-18
137,12,18,HSV,15,2015,2015-12-18
138,12,18,HYS,2,2015,2015-12-18
139,12,18,IAD,98,2015,2015-12-18
140,12,18,IAG,1,2015,2015-12-18
141,12,18,IAH,437,2015,2015-12-18
142,12,18,ICT,27,2015,2015-12-18
143,12,18,IDA,8,2015,2015-12-18
144,12,18,ILM,6,2015,2015-12-18
145,12,18,IMT,2,2015,2015-12-18
146,12,18,IND,88,2015,2015-12-18
147,12,18,INL,2,2015,2015-12-18
148,12,18,ISN,6,2015,2015-12-18
149,12,18,ISP,13,2015,2015-12-18
150,12,18,ITO,17,2015,2015-12-18
151,12,18,JAC,16,2015,2015-12-18
152,12,18,JAN,21,2015,2015-12-18
153,12,18,JAX,58,2015,2015-12-18
154,12,18,JFK,271,2015,2015-12-18
155,12,18,JLN,2,2015,2015-12-18
156,12,18,JMS,3,2015,2015-12-18
157,12,18,JNU,11,2015,2015-12-18
158,12,18,KOA,35,2015,2015-12-18
159,12,18,KTN,6,2015,2015-12-18
160,12,18,LAN,9,2015,2015-12-18
161,12,18,LAR,2,2015,2015-12-18
162,12,18,LAS,410,2015,2015-12-18
163,12,18,LAW,4,2015,2015-12-18
164,12,18,LAX,597,2015,2015-12-18
165,12,18,LBB,16,2015,2015-12-18
166,12,18,LBE,3,2015,2015-12-18
167,12,18,LCH,6,2015,2015-12-18
168,12,18,LEX,19,2015,2015-12-18
169,12,18,LFT,13,2015,2015-12-18
170,12,18,LGA,274,2015,2015-12-18
171,12,18,LGB,26,2015,2015-12-18
172,12,18,LIH,38,2015,2015-12-18
173,12,18,LIT,31,2015,2015-12-18
174,12,18,LNK,8,2015,2015-12-18
175,12,18,LRD,6,2015,2015-12-18
176,12,18,LSE,6,2015,2015-12-18
177,12,18,LWS,2,2015,2015-12-18
178,12,18,MAF,19,2015,2015-12-18
179,12,18,MBS,5,2015,2015-12-18
180,12,18,MCI,122,2015,2015-12-18
181,12,18,MCO,363,2015,2015-12-18
182,12,18,MDT,8,2015,2015-12-18
183,12,18,MDW,240,2015,2015-12-18
184,12,18,MEI,3,2015,2015-12-18
185,12,18,MEM,44,2015,2015-12-18
186,12,18,MFE,8,2015,2015-12-18
187,12,18,MFR,8,2015,2015-12-18
188,12,18,MGM,11,2015,2015-12-18
189,12,18,MHK,5,2015,2015-12-18
190,12,18,MHT,16,2015,2015-12-18
191,12,18,MIA,220,2015,2015-12-18
192,12,18,MKE,89,2015,2015-12-18
193,12,18,MKG,2,2015,2015-12-18
194,12,18,MLB,4,2015,2015-12-18
195,12,18,MLI,12,2015,2015-12-18
196,12,18,MLU,9,2015,2015-12-18
197,12,18,MMH,1,2015,2015-12-18
198,12,18,MOB,17,2015,2015-12-18
199,12,18,MOT,6,2015,2015-12-18
200,12,18,MQT,1,2015,2015-12-18
201,12,18,MRY,7,2015,2015-12-18
202,12,18,MSN,30,2015,2015-12-18
203,12,18,MSO,5,2015,2015-12-18
204,12,18,MSP,336,2015,2015-12-18
205,12,18,MSY,119,2015,2015-12-18
206,12,18,MTJ,6,2015,2015-12-18
207,12,18,MYR,7,2015,2015-12-18
208,12,18,OAJ,3,2015,2015-12-18
209,12,18,OAK,138,2015,2015-12-18
210,12,18,OGG,70,2015,2015-12-18
211,12,18,OKC,52,2015,2015-12-18
212,12,18,OMA,57,2015,2015-12-18
213,12,18,OME,2,2015,2015-12-18
214,12,18,ONT,56,2015,2015-12-18
215,12,18,ORD,881,2015,2015-12-18
216,12,18,ORF,30,2015,2015-12-18
217,12,18,ORH,2,2015,2015-12-18
218,12,18,OTH,1,2015,2015-12-18
219,12,18,OTZ,2,2015,2015-12-18
220,12,18,PAH,2,2015,2015-12-18
221,12,18,PBG,1,2015,2015-12-18
222,12,18,PBI,82,2015,2015-12-18
223,12,18,PDX,158,2015,2015-12-18
224,12,18,PHF,4,2015,2015-12-18
225,12,18,PHL,213,2015,2015-12-18
226,12,18,PHX,469,2015,2015-12-18
227,12,18,PIA,16,2015,2015-12-18
228,12,18,PIB,2,2015,2015-12-18
229,12,18,PIH,2,2015,2015-12-18
230,12,18,PIT,74,2015,2015-12-18
231,12,18,PLN,2,2015,2015-12-18
232,12,18,PNS,19,2015,2015-12-18
233,12,18,PPG,1,2015,2015-12-18
234,12,18,PSC,11,2015,2015-12-18
235,12,18,PSE,3,2015,2015-12-18
236,12,18,PSG,2,2015,2015-12-18
237,12,18,PSP,27,2015,2015-12-18
238,12,18,PVD,40,2015,2015-12-18
239,12,18,PWM,16,2015,2015-12-18
240,12,18,RAP,8,2015,2015-12-18
241,12,18,RDD,2,2015,2015-12-18
242,12,18,RDM,7,2015,2015-12-18
243,12,18,RDU,103,2015,2015-12-18
244,12,18,RHI,3,2015,2015-12-18
245,12,18,RIC,48,2015,2015-12-18
246,12,18,RKS,2,2015,2015-12-18
247,12,18,RNO,39,2015,2015-12-18
248,12,18,ROA,7,2015,2015-12-18
249,12,18,ROC,24,2015,2015-12-18
250,12,18,ROW,3,2015,2015-12-18
251,12,18,RST,6,2015,2015-12-18
252,12,18,RSW,98,2015,2015-12-18
253,12,18,SAF,3,2015,2015-12-18
254,12,18,SAN,217,2015,2015-12-18
255,12,18,SAT,91,2015,2015-12-18
256,12,18,SAV,20,2015,2015-12-18
257,12,18,SBA,14,2015,2015-12-18
258,12,18,SBN,14,2015,2015-12-18
259,12,18,SBP,7,2015,2015-12-18
260,12,18,SCC,3,2015,2015-12-18
261,12,18,SCE,2,2015,2015-12-18
262,12,18,SDF,29,2015,2015-12-18
263,12,18,SEA,359,2015,2015-12-18
264,12,18,SFO,490,2015,2015-12-18
265,12,18,SGF,19,2015,2015-12-18
266,12,18,SGU,6,2015,2015-12-18
267,12,18,SHV,19,2015,2015-12-18
268,12,18,SIT,3,2015,2015-12-18
269,12,18,SJC,116,2015,2015-12-18
270,12,18,SJT,5,2015,2015-12-18
271,12,18,SJU,90,2015,2015-12-18
272,12,18,SLC,299,2015,2015-12-18
273,12,18,SMF,113,2015,2015-12-18
274,12,18,SMX,1,2015,2015-12-18
275,12,18,SNA,128,2015,2015-12-18
276,12,18,SPI,5,2015,2015-12-18
277,12,18,SPS,3,2015,2015-12-18
278,12,18,SRQ,12,2015,2015-12-18
279,12,18,STL,152,2015,2015-12-18
280,12,18,STT,17,2015,2015-12-18
281,12,18,STX,3,2015,2015-12-18
282,12,18,SUN,4,2015,2015-12-18
283,12,18,SUX,2,2015,2015-12-18
284,12,18,SWF,2,2015,2015-12-18
285,12,18,SYR,21,2015,2015-12-18
286,12,18,TLH,9,2015,2015-12-18
287,12,18,TOL,3,2015,2015-12-18
288,12,18,TPA,204,2015,2015-12-18
289,12,18,TRI,6,2015,2015-12-18
290,12,18,TTN,9,2015,2015-12-18
291,12,18,TUL,41,2015,2015-12-18
292,12,18,TUS,44,2015,2015-12-18
293,12,18,TVC,9,2015,2015-12-18
294,12,18,TWF,2,2015,2015-12-18
295,12,18,TXK,3,2015,2015-12-18
296,12,18,TYR,5,2015,2015-12-18
297,12,18,TYS,19,2015,2015-12-18
298,12,18,UST,1,2015,2015-12-18
299,12,18,VLD,3,2015,2015-12-18
300,12,18,VPS,16,2015,2015-12-18
301,12,18,WRG,2,2015,2015-12-18
302,12,18,XNA,32,2015,2015-12-18
303,12,18,YAK,2,2015,2015-12-18
304,12,18,YUM,6,2015,2015-12-18
305,12,19,ABE,3,2015,2015-12-19
306,12,19,ABI,6,2015,2015-12-19
307,12,19,ABQ,43,2015,2015-12-19
308,12,19,ABR,2,2015,2015-12-19
309,12,19,ABY,2,2015,2015-12-19
310,12,19,ACT,5,2015,2015-12-19
311,12,19,ACV,5,2015,2015-12-19
312,12,19,ACY,10,2015,2015-12-19
313,12,19,ADQ,1,2015,2015-12-19
314,12,19,AEX,9,2015,2015-12-19
315,12,19,AGS,6,2015,2015-12-19
316,12,19,ALB,23,2015,2015-12-19
317,12,19,ALO,1,2015,2015-12-19
318,12,19,AMA,8,2015,2015-12-19
319,12,19,ANC,45,2015,2015-12-19
320,12,19,APN,1,2015,2015-12-19
321,12,19,ASE,28,2015,2015-12-19
322,12,19,ATL,963,2015,2015-12-19
323,12,19,ATW,9,2015,2015-12-19
324,12,19,AUS,114,2015,2015-12-19
325,12,19,AVL,7,2015,2015-12-19
326,12,19,AVP,4,2015,2015-12-19
327,12,19,AZO,4,2015,2015-12-19
328,12,19,BDL,48,2015,2015-12-19
329,12,19,BET,2,2015,2015-12-19
330,12,19,BFL,6,2015,2015-12-19
331,12,19,BGM,1,2015,2015-12-19
332,12,19,BHM,28,2015,2015-12-19
333,12,19,BIL,9,2015,2015-12-19
334,12,19,BIS,12,2015,2015-12-19
335,12,19,BJI,2,2015,2015-12-19
336,12,19,BLI,3,2015,2015-12-19
337,12,19,BMI,8,2015,2015-12-19
338,12,19,BNA,112,2015,2015-12-19
339,12,19,BOI,40,2015,2015-12-19
340,12,19,BOS,245,2015,2015-12-19
341,12,19,BPT,3,2015,2015-12-19
342,12,19,BQK,2,2015,2015-12-19
343,12,19,BQN,5,2015,2015-12-19
344,12,19,BRD,1,2015,2015-12-19
345,12,19,BRO,7,2015,2015-12-19
346,12,19,BRW,3,2015,2015-12-19
347,12,19,BTM,2,2015,2015-12-19
348,12,19,BTR,19,2015,2015-12-19
349,12,19,BTV,11,2015,2015-12-19
350,12,19,BUF,44,2015,2015-12-19
351,12,19,BUR,47,2015,2015-12-19
352,12,19,BWI,223,2015,2015-12-19
353,12,19,BZN,19,2015,2015-12-19
354,12,19,CAE,11,2015,2015-12-19
355,12,19,CAK,16,2015,2015-12-19
356,12,19,CDC,1,2015,2015-12-19
357,12,19,CDV,2,2015,2015-12-19
358,12,19,CHA,9,2015,2015-12-19
359,12,19,CHO,7,2015,2015-12-19
360,12,19,CHS,32,2015,2015-12-19
361,12,19,CID,17,2015,2015-12-19
362,12,19,CIU,2,2015,2015-12-19
363,12,19,CLE,82,2015,2015-12-19
364,12,19,CLL,5,2015,2015-12-19
365,12,19,CLT,276,2015,2015-12-19
366,12,19,CMH,59,2015,2015-12-19
367,12,19,CMI,5,2015,2015-12-19
368,12,19,CMX,2,2015,2015-12-19
369,12,19,COD,2,2015,2015-12-19
370,12,19,COS,21,2015,2015-12-19
371,12,19,COU,4,2015,2015-12-19
372,12,19,CPR,5,2015,2015-12-19
373,12,19,CRP,11,2015,2015-12-19
374,12,19,CRW,6,2015,2015-12-19
375,12,19,CSG,2,2015,2015-12-19
376,12,19,CVG,54,2015,2015-12-19
377,12,19,CWA,3,2015,2015-12-19
378,12,19,DAB,5,2015,2015-12-19
379,12,19,DAL,157,2015,2015-12-19
380,12,19,DAY,19,2015,2015-12-19
381,12,19,DBQ,2,2015,2015-12-19
382,12,19,DCA,161,2015,2015-12-19
383,12,19,DEN,590,2015,2015-12-19
384,12,19,DFW,653,2015,2015-12-19
385,12,19,DHN,3,2015,2015-12-19
386,12,19,DLH,5,2015,2015-12-19
387,12,19,DRO,7,2015,2015-12-19
388,12,19,DSM,21,2015,2015-12-19
389,12,19,DTW,287,2015,2015-12-19
390,12,19,DVL,1,2015,2015-12-19
391,12,19,EAU,2,2015,2015-12-19
392,12,19,ECP,11,2015,2015-12-19
393,12,19,EGE,14,2015,2015-12-19
394,12,19,EKO,1,2015,2015-12-19
395,12,19,ELM,3,2015,2015-12-19
396,12,19,ELP,28,2015,2015-12-19
397,12,19,ERI,2,2015,2015-12-19
398,12,19,ESC,1,2015,2015-12-19
399,12,19,EUG,10,2015,2015-12-19
400,12,19,EVV,9,2015,2015-12-19
401,12,19,EWN,1,2015,2015-12-19
402,12,19,EWR,272,2015,2015-12-19
403,12,19,EYW,7,2015,2015-12-19
404,12,19,FAI,6,2015,2015-12-19
405,12,19,FAR,19,2015,2015-12-19
406,12,19,FAT,20,2015,2015-12-19
407,12,19,FAY,4,2015,2015-12-19
408,12,19,FCA,7,2015,2015-12-19
409,12,19,FLG,6,2015,2015-12-19
410,12,19,FLL,274,2015,2015-12-19
411,12,19,FNT,13,2015,2015-12-19
412,12,19,FSD,11,2015,2015-12-19
413,12,19,FSM,5,2015,2015-12-19
414,12,19,FWA,13,2015,2015-12-19
415,12,19,GCC,2,2015,2015-12-19
416,12,19,GCK,2,2015,2015-12-19
417,12,19,GEG,24,2015,2015-12-19
418,12,19,GFK,5,2015,2015-12-19
419,12,19,GGG,2,2015,2015-12-19
420,12,19,GJT,12,2015,2015-12-19
421,12,19,GNV,6,2015,2015-12-19
422,12,19,GPT,9,2015,2015-12-19
423,12,19,GRB,12,2015,2015-12-19
424,12,19,GRI,2,2015,2015-12-19
425,12,19,GRK,11,2015,2015-12-19
426,12,19,GRR,23,2015,2015-12-19
427,12,19,GSO,13,2015,2015-12-19
428,12,19,GSP,16,2015,2015-12-19
429,12,19,GTF,5,2015,2015-12-19
430,12,19,GTR,2,2015,2015-12-19
431,12,19,GUC,5,2015,2015-12-19
432,12,19,GUM,1,2015,2015-12-19
433,12,19,HDN,11,2015,2015-12-19
434,12,19,HIB,2,2015,2015-12-19
435,12,19,HLN,4,2015,2015-12-19
436,12,19,HNL,135,2015,2015-12-19
437,12,19,HOB,1,2015,2015-12-19
438,12,19,HOU,121,2015,2015-12-19
439,12,19,HPN,18,2015,2015-12-19
440,12,19,HRL,8,2015,2015-12-19
441,12,19,HSV,11,2015,2015-12-19
442,12,19,HYS,1,2015,2015-12-19
443,12,19,IAD,86,2015,2015-12-19
444,12,19,IAG,1,2015,2015-12-19
445,12,19,IAH,389,2015,2015-12-19
446,12,19,ICT,24,2015,2015-12-19
447,12,19,IDA,6,2015,2015-12-19
448,12,19,ILM,5,2015,2015-12-19
449,12,19,IMT,2,2015,2015-12-19
450,12,19,IND,66,2015,2015-12-19
451,12,19,INL,2,2015,2015-12-19
452,12,19,ISN,4,2015,2015-12-19
453,12,19,ISP,12,2015,2015-12-19
454,12,19,ITH,1,2015,2015-12-19
455,12,19,ITO,15,2015,2015-12-19
456,12,19,JAC,22,2015,2015-12-19
457,12,19,JAN,17,2015,2015-12-19
458,12,19,JAX,53,2015,2015-12-19
459,12,19,JFK,271,2015,2015-12-19
460,12,19,JLN,2,2015,2015-12-19
461,12,19,JMS,1,2015,2015-12-19
462,12,19,JNU,10,2015,2015-12-19
463,12,19,KOA,37,2015,2015-12-19
464,12,19,KTN,6,2015,2015-12-19
465,12,19,LAN,7,2015,2015-12-19
466,12,19,LAR,1,2015,2015-12-19
467,12,19,LAS,378,2015,2015-12-19
468,12,19,LAW,4,2015,2015-12-19
469,12,19,LAX,542,2015,2015-12-19
470,12,19,LBB,14,2015,2015-12-19
471,12,19,LBE,3,2015,2015-12-19
472,12,19,LCH,5,2015,2015-12-19
473,12,19,LEX,12,2015,2015-12-19
474,12,19,LFT,13,2015,2015-12-19
475,12,19,LGA,212,2015,2015-12-19
476,12,19,LGB,25,2015,2015-12-19
477,12,19,LIH,37,2015,2015-12-19
478,12,19,LIT,27,2015,2015-12-19
479,12,19,LNK,8,2015,2015-12-19
480,12,19,LRD,5,2015,2015-12-19
481,12,19,LSE,5,2015,2015-12-19
482,12,19,LWS,2,2015,2015-12-19
483,12,19,MAF,11,2015,2015-12-19
484,12,19,MBS,4,2015,2015-12-19
485,12,19,MCI,86,2015,2015-12-19
486,12,19,MCO,388,2015,2015-12-19
487,12,19,MDT,8,2015,2015-12-19
488,12,19,MDW,205,2015,2015-12-19
489,12,19,MEI,2,2015,2015-12-19
490,12,19,MEM,35,2015,2015-12-19
491,12,19,MFE,6,2015,2015-12-19
492,12,19,MFR,7,2015,2015-12-19
493,12,19,MGM,7,2015,2015-12-19
494,12,19,MHK,5,2015,2015-12-19
495,12,19,MHT,16,2015,2015-12-19
496,12,19,MIA,221,2015,2015-12-19
497,12,19,MKE,66,2015,2015-12-19
498,12,19,MKG,2,2015,2015-12-19
499,12,19,MLB,5,2015,2015-12-19
500,12,19,MLI,10,2015,2015-12-19
501,12,19,MLU,8,2015,2015-12-19
502,12,19,MMH,2,2015,2015-12-19
503,12,19,MOB,14,2015,2015-12-19
504,12,19,MOT,5,2015,2015-12-19
505,12,19,MQT,1,2015,2015-12-19
506,12,19,MRY,7,2015,2015-12-19
507,12,19,MSN,24,2015,2015-12-19
508,12,19,MSO,5,2015,2015-12-19
509,12,19,MSP,311,2015,2015-12-19
510,12,19,MSY,102,2015,2015-12-19
511,12,19,MTJ,10,2015,2015-12-19
512,12,19,MYR,9,2015,2015-12-19
513,12,19,OAJ,3,2015,2015-12-19
514,12,19,OAK,107,2015,2015-12-19
515,12,19,OGG,71,2015,2015-12-19
516,12,19,OKC,41,2015,2015-12-19
517,12,19,OMA,44,2015,2015-12-19
518,12,19,OME,2,2015,2015-12-19
519,12,19,ONT,48,2015,2015-12-19
520,12,19,ORD,749,2015,2015-12-19
521,12,19,ORF,26,2015,2015-12-19
522,12,19,ORH,2,2015,2015-12-19
523,12,19,OTZ,2,2015,2015-12-19
524,12,19,PAH,2,2015,2015-12-19
525,12,19,PBG,1,2015,2015-12-19
526,12,19,PBI,88,2015,2015-12-19
527,12,19,PDX,140,2015,2015-12-19
528,12,19,PHF,3,2015,2015-12-19
529,12,19,PHL,180,2015,2015-12-19
530,12,19,PHX,432,2015,2015-12-19
531,12,19,PIA,13,2015,2015-12-19
532,12,19,PIB,1,2015,2015-12-19
533,12,19,PIH,1,2015,2015-12-19
534,12,19,PIT,55,2015,2015-12-19
535,12,19,PLN,2,2015,2015-12-19
536,12,19,PNS,17,2015,2015-12-19
537,12,19,PSC,8,2015,2015-12-19
538,12,19,PSE,3,2015,2015-12-19
539,12,19,PSG,2,2015,2015-12-19
540,12,19,PSP,35,2015,2015-12-19
541,12,19,PVD,30,2015,2015-12-19
542,12,19,PWM,16,2015,2015-12-19
543,12,19,RAP,9,2015,2015-12-19
544,12,19,RDD,2,2015,2015-12-19
545,12,19,RDM,6,2015,2015-12-19
546,12,19,RDU,81,2015,2015-12-19
547,12,19,RHI,2,2015,2015-12-19
548,12,19,RIC,33,2015,2015-12-19
549,12,19,RKS,1,2015,2015-12-19
550,12,19,RNO,34,2015,2015-12-19
551,12,19,ROA,6,2015,2015-12-19
552,12,19,ROC,19,2015,2015-12-19
553,12,19,ROW,3,2015,2015-12-19
554,12,19,RST,4,2015,2015-12-19
555,12,19,RSW,115,2015,2015-12-19
556,12,19,SAF,3,2015,2015-12-19
557,12,19,SAN,190,2015,2015-12-19
558,12,19,SAT,75,2015,2015-12-19
559,12,19,SAV,21,2015,2015-12-19
560,12,19,SBA,14,2015,2015-12-19
561,12,19,SBN,14,2015,2015-12-19
562,12,19,SBP,8,2015,2015-12-19
563,12,19,SCC,3,2015,2015-12-19
564,12,19,SCE,3,2015,2015-12-19
565,12,19,SDF,24,2015,2015-12-19
566,12,19,SEA,334,2015,2015-12-19
567,12,19,SFO,435,2015,2015-12-19
568,12,19,SGF,16,2015,2015-12-19
569,12,19,SGU,5,2015,2015-12-19
570,12,19,SHV,18,2015,2015-12-19
571,12,19,SIT,3,2015,2015-12-19
572,12,19,SJC,86,2015,2015-12-19
573,12,19,SJT,5,2015,2015-12-19
574,12,19,SJU,102,2015,2015-12-19
575,12,19,SLC,304,2015,2015-12-19
576,12,19,SMF,93,2015,2015-12-19
577,12,19,SMX,2,2015,2015-12-19
578,12,19,SNA,93,2015,2015-12-19
579,12,19,SPI,5,2015,2015-12-19
580,12,19,SPS,3,2015,2015-12-19
581,12,19,SRQ,14,2015,2015-12-19
582,12,19,STL,120,2015,2015-12-19
583,12,19,STT,22,2015,2015-12-19
584,12,19,STX,5,2015,2015-12-19
585,12,19,SUN,5,2015,2015-12-19
586,12,19,SUX,1,2015,2015-12-19
587,12,19,SWF,2,2015,2015-12-19
588,12,19,SYR,14,2015,2015-12-19
589,12,19,TLH,7,2015,2015-12-19
590,12,19,TOL,2,2015,2015-12-19
591,12,19,TPA,197,2015,2015-12-19
592,12,19,TRI,5,2015,2015-12-19
593,12,19,TTN,9,2015,2015-12-19
594,12,19,TUL,32,2015,2015-12-19
595,12,19,TUS,48,2015,2015-12-19
596,12,19,TVC,7,2015,2015-12-19
597,12,19,TWF,2,2015,2015-12-19
598,12,19,TXK,3,2015,2015-12-19
599,12,19,TYR,5,2015,2015-12-19
600,12,19,TYS,15,2015,2015-12-19
601,12,19,UST,1,2015,2015-12-19
602,12,19,VLD,2,2015,2015-12-19
603,12,19,VPS,15,2015,2015-12-19
604,12,19,WRG,2,2015,2015-12-19
605,12,19,XNA,21,2015,2015-12-19
606,12,19,YAK,2,2015,2015-12-19
607,12,19,YUM,5,2015,2015-12-19
608,12,20,ABE,3,2015,2015-12-20
609,12,20,ABI,7,2015,2015-12-20
610,12,20,ABQ,54,2015,2015-12-20
611,12,20,ABR,2,2015,2015-12-20
612,12,20,ABY,2,2015,2015-12-20
613,12,20,ACT,5,2015,2015-12-20
614,12,20,ACV,4,2015,2015-12-20
615,12,20,ACY,10,2015,2015-12-20
616,12,20,ADK,1,2015,2015-12-20
617,12,20,ADQ,1,2015,2015-12-20
618,12,20,AEX,10,2015,2015-12-20
619,12,20,AGS,7,2015,2015-12-20
620,12,20,ALB,22,2015,2015-12-20
621,12,20,ALO,2,2015,2015-12-20
622,12,20,AMA,8,2015,2015-12-20
623,12,20,ANC,44,2015,2015-12-20
624,12,20,APN,1,2015,2015-12-20
625,12,20,ASE,30,2015,2015-12-20
626,12,20,ATL,1041,2015,2015-12-20
627,12,20,ATW,8,2015,2015-12-20
628,12,20,AUS,125,2015,2015-12-20
629,12,20,AVL,8,2015,2015-12-20
630,12,20,AVP,3,2015,2015-12-20
631,12,20,AZO,6,2015,2015-12-20
632,12,20,BDL,54,2015,2015-12-20
633,12,20,BET,2,2015,2015-12-20
634,12,20,BFL,7,2015,2015-12-20
635,12,20,BGM,1,2015,2015-12-20
636,12,20,BGR,1,2015,2015-12-20
637,12,20,BHM,33,2015,2015-12-20
638,12,20,BIL,11,2015,2015-12-20
639,12,20,BIS,12,2015,2015-12-20
640,12,20,BJI,2,2015,2015-12-20
641,12,20,BLI,4,2015,2015-12-20
642,12,20,BMI,8,2015,2015-12-20
643,12,20,BNA,137,2015,2015-12-20
644,12,20,BOI,41,2015,2015-12-20
645,12,20,BOS,282,2015,2015-12-20
646,12,20,BPT,3,2015,2015-12-20
647,12,20,BQK,3,2015,2015-12-20
648,12,20,BQN,5,2015,2015-12-20
649,12,20,BRD,1,2015,2015-12-20
650,12,20,BRO,7,2015,2015-12-20
651,12,20,BRW,2,2015,2015-12-20
652,12,20,BTM,2,2015,2015-12-20
653,12,20,BTR,18,2015,2015-12-20
654,12,20,BTV,11,2015,2015-12-20
655,12,20,BUF,44,2015,2015-12-20
656,12,20,BUR,53,2015,2015-12-20
657,12,20,BWI,254,2015,2015-12-20
658,12,20,BZN,14,2015,2015-12-20
659,12,20,CAE,11,2015,2015-12-20
660,12,20,CAK,15,2015,2015-12-20
661,12,20,CDC,1,2015,2015-12-20
662,12,20,CDV,2,2015,2015-12-20
663,12,20,CHA,10,2015,2015-12-20
664,12,20,CHO,6,2015,2015-12-20
665,12,20,CHS,36,2015,2015-12-20
666,12,20,CID,18,2015,2015-12-20
667,12,20,CIU,2,2015,2015-12-20
668,12,20,CLE,90,2015,2015-12-20
669,12,20,CLL,5,2015,2015-12-20
670,12,20,CLT,292,2015,2015-12-20
671,12,20,CMH,64,2015,2015-12-20
672,12,20,CMI,7,2015,2015-12-20
673,12,20,CMX,2,2015,2015-12-20
674,12,20,COD,2,2015,2015-12-20
675,12,20,COS,22,2015,2015-12-20
676,12,20,COU,4,2015,2015-12-20
677,12,20,CPR,5,2015,2015-12-20
678,12,20,CRP,10,2015,2015-12-20
679,12,20,CRW,7,2015,2015-12-20
680,12,20,CSG,2,2015,2015-12-20
681,12,20,CVG,57,2015,2015-12-20
682,12,20,CWA,2,2015,2015-12-20
683,12,20,DAB,5,2015,2015-12-20
684,12,20,DAL,188,2015,2015-12-20
685,12,20,DAY,21,2015,2015-12-20
686,12,20,DBQ,3,2015,2015-12-20
687,12,20,DCA,197,2015,2015-12-20
688,12,20,DEN,623,2015,2015-12-20
689,12,20,DFW,676,2015,2015-12-20
690,12,20,DHN,4,2015,2015-12-20
691,12,20,DLH,5,2015,2015-12-20
692,12,20,DRO,5,2015,2015-12-20
693,12,20,DSM,26,2015,2015-12-20
694,12,20,DTW,290,2015,2015-12-20
695,12,20,DVL,1,2015,2015-12-20
696,12,20,EAU,2,2015,2015-12-20
697,12,20,ECP,10,2015,2015-12-20
698,12,20,EGE,13,2015,2015-12-20
699,12,20,EKO,1,2015,2015-12-20
700,12,20,ELM,4,2015,2015-12-20
701,12,20,ELP,37,2015,2015-12-20
702,12,20,ERI,2,2015,2015-12-20
703,12,20,ESC,1,2015,2015-12-20
704,12,20,EUG,11,2015,2015-12-20
705,12,20,EVV,10,2015,2015-12-20
706,12,20,EWN,2,2015,2015-12-20
707,12,20,EWR,312,2015,2015-12-20
708,12,20,EYW,6,2015,2015-12-20
709,12,20,FAI,6,2015,2015-12-20
710,12,20,FAR,20,2015,2015-12-20
711,12,20,FAT,21,2015,2015-12-20
712,12,20,FAY,4,2015,2015-12-20
713,12,20,FCA,6,2015,2015-12-20
714,12,20,FLG,6,2015,2015-12-20
715,12,20,FLL,270,2015,2015-12-20
716,12,20,FNT,12,2015,2015-12-20
717,12,20,FSD,11,2015,2015-12-20
718,12,20,FSM,6,2015,2015-12-20
719,12,20,FWA,15,2015,2015-12-20
720,12,20,GCC,3,2015,2015-12-20
721,12,20,GCK,2,2015,2015-12-20
722,12,20,GEG,30,2015,2015-12-20
723,12,20,GFK,4,2015,2015-12-20
724,12,20,GGG,2,2015,2015-12-20
725,12,20,GJT,12,2015,2015-12-20
726,12,20,GNV,8,2015,2015-12-20
727,12,20,GPT,8,2015,2015-12-20
728,12,20,GRB,12,2015,2015-12-20
729,12,20,GRI,2,2015,2015-12-20
730,12,20,GRK,11,2015,2015-12-20
731,12,20,GRR,30,2015,2015-12-20
732,12,20,GSO,11,2015,2015-12-20
733,12,20,GSP,19,2015,2015-12-20
734,12,20,GTF,5,2015,2015-12-20
735,12,20,GTR,2,2015,2015-12-20
736,12,20,GUC,5,2015,2015-12-20
737,12,20,GUM,1,2015,2015-12-20
738,12,20,HDN,11,2015,2015-12-20
739,12,20,HIB,2,2015,2015-12-20
740,12,20,HLN,4,2015,2015-12-20
741,12,20,HNL,136,2015,2015-12-20
742,12,20,HOB,2,2015,2015-12-20
743,12,20,HOU,156,2015,2015-12-20
744,12,20,HPN,19,2015,2015-12-20
745,12,20,HRL,8,2015,2015-12-20
746,12,20,HSV,13,2015,2015-12-20
747,12,20,HYS,1,2015,2015-12-20
748,12,20,IAD,93,2015,2015-12-20
749,12,20,IAG,1,2015,2015-12-20
750,12,20,IAH,407,2015,2015-12-20
751,12,20,ICT,24,2015,2015-12-20
752,12,20,IDA,7,2015,2015-12-20
753,12,20,ILM,5,2015,2015-12-20
754,12,20,IMT,1,2015,2015-12-20
755,12,20,IND,78,2015,2015-12-20
756,12,20,INL,2,2015,2015-12-20
757,12,20,ISN,6,2015,2015-12-20
758,12,20,ISP,12,2015,2015-12-20
759,12,20,ITH,2,2015,2015-12-20
760,12,20,ITO,15,2015,2015-12-20
761,12,20,JAC,21,2015,2015-12-20
762,12,20,JAN,19,2015,2015-12-20
763,12,20,JAX,56,2015,2015-12-20
764,12,20,JFK,292,2015,2015-12-20
765,12,20,JLN,2,2015,2015-12-20
766,12,20,JMS,2,2015,2015-12-20
767,12,20,JNU,11,2015,2015-12-20
768,12,20,KOA,36,2015,2015-12-20
769,12,20,KTN,6,2015,2015-12-20
770,12,20,LAN,5,2015,2015-12-20
771,12,20,LAR,1,2015,2015-12-20
772,12,20,LAS,405,2015,2015-12-20
773,12,20,LAW,4,2015,2015-12-20
774,12,20,LAX,577,2015,2015-12-20
775,12,20,LBB,14,2015,2015-12-20
776,12,20,LBE,3,2015,2015-12-20
777,12,20,LCH,5,2015,2015-12-20
778,12,20,LEX,11,2015,2015-12-20
779,12,20,LFT,12,2015,2015-12-20
780,12,20,LGA,242,2015,2015-12-20
781,12,20,LGB,26,2015,2015-12-20
782,12,20,LIH,36,2015,2015-12-20
783,12,20,LIT,29,2015,2015-12-20
784,12,20,LNK,6,2015,2015-12-20
785,12,20,LRD,6,2015,2015-12-20
786,12,20,LSE,6,2015,2015-12-20
787,12,20,LWS,2,2015,2015-12-20
788,12,20,MAF,16,2015,2015-12-20
789,12,20,MBS,5,2015,2015-12-20
790,12,20,MCI,105,2015,2015-12-20
791,12,20,MCO,377,2015,2015-12-20
792,12,20,MDT,9,2015,2015-12-20
793,12,20,MDW,222,2015,2015-12-20
794,12,20,MEI,2,2015,2015-12-20
795,12,20,MEM,36,2015,2015-12-20
796,12,20,MFE,6,2015,2015-12-20
797,12,20,MFR,9,2015,2015-12-20
798,12,20,MGM,9,2015,2015-12-20
799,12,20,MHK,5,2015,2015-12-20
800,12,20,MHT,15,2015,2015-12-20
801,12,20,MIA,224,2015,2015-12-20
802,12,20,MKE,81,2015,2015-12-20
803,12,20,MKG,2,2015,2015-12-20
804,12,20,MLB,5,2015,2015-12-20
805,12,20,MLI,8,2015,2015-12-20
806,12,20,MLU,8,2015,2015-12-20
807,12,20,MMH,1,2015,2015-12-20
808,12,20,MOB,15,2015,2015-12-20
809,12,20,MOT,4,2015,2015-12-20
810,12,20,MQT,3,2015,2015-12-20
811,12,20,MRY,7,2015,2015-12-20
812,12,20,MSN,22,2015,2015-12-20
813,12,20,MSO,8,2015,2015-12-20
814,12,20,MSP,322,2015,2015-12-20
815,12,20,MSY,117,2015,2015-12-20
816,12,20,MTJ,8,2015,2015-12-20
817,12,20,MYR,9,2015,2015-12-20
818,12,20,OAJ,4,2015,2015-12-20
819,12,20,OAK,125,2015,2015-12-20
820,12,20,OGG,69,2015,2015-12-20
821,12,20,OKC,49,2015,2015-12-20
822,12,20,OMA,55,2015,2015-12-20
823,12,20,OME,2,2015,2015-12-20
824,12,20,ONT,49,2015,2015-12-20
825,12,20,ORD,838,2015,2015-12-20
826,12,20,ORF,27,2015,2015-12-20
827,12,20,ORH,2,2015,2015-12-20
828,12,20,OTH,1,2015,2015-12-20
829,12,20,OTZ,2,2015,2015-12-20
830,12,20,PAH,2,2015,2015-12-20
831,12,20,PBG,1,2015,2015-12-20
832,12,20,PBI,91,2015,2015-12-20
833,12,20,PDX,153,2015,2015-12-20
834,12,20,PHF,3,2015,2015-12-20
835,12,20,PHL,198,2015,2015-12-20
836,12,20,PHX,460,2015,2015-12-20
837,12,20,PIA,14,2015,2015-12-20
838,12,20,PIB,1,2015,2015-12-20
839,12,20,PIH,2,2015,2015-12-20
840,12,20,PIT,65,2015,2015-12-20
841,12,20,PLN,2,2015,2015-12-20
842,12,20,PNS,18,2015,2015-12-20
843,12,20,PSC,10,2015,2015-12-20
844,12,20,PSE,3,2015,2015-12-20
845,12,20,PSG,2,2015,2015-12-20
846,12,20,PSP,32,2015,2015-12-20
847,12,20,PVD,31,2015,2015-12-20
848,12,20,PWM,16,2015,2015-12-20
849,12,20,RAP,9,2015,2015-12-20
850,12,20,RDD,2,2015,2015-12-20
851,12,20,RDM,7,2015,2015-12-20
852,12,20,RDU,93,2015,2015-12-20
853,12,20,RHI,3,2015,2015-12-20
854,12,20,RIC,39,2015,2015-12-20
855,12,20,RKS,2,2015,2015-12-20
856,12,20,RNO,38,2015,2015-12-20
857,12,20,ROA,6,2015,2015-12-20
858,12,20,ROC,20,2015,2015-12-20
859,12,20,ROW,3,2015,2015-12-20
860,12,20,RST,4,2015,2015-12-20
861,12,20,RSW,117,2015,2015-12-20
862,12,20,SAF,3,2015,2015-12-20
863,12,20,SAN,207,2015,2015-12-20
864,12,20,SAT,84,2015,2015-12-20
865,12,20,SAV,18,2015,2015-12-20
866,12,20,SBA,15,2015,2015-12-20
867,12,20,SBN,12,2015,2015-12-20
868,12,20,SBP,7,2015,2015-12-20
869,12,20,SCC,2,2015,2015-12-20
870,12,20,SCE,3,2015,2015-12-20
871,12,20,SDF,29,2015,2015-12-20
872,12,20,SEA,354,2015,2015-12-20
873,12,20,SFO,466,2015,2015-12-20
874,12,20,SGF,18,2015,2015-12-20
875,12,20,SGU,6,2015,2015-12-20
876,12,20,SHV,19,2015,2015-12-20
877,12,20,SIT,3,2015,2015-12-20
878,12,20,SJC,102,2015,2015-12-20
879,12,20,SJT,5,2015,2015-12-20
880,12,20,SJU,102,2015,2015-12-20
881,12,20,SLC,320,2015,2015-12-20
882,12,20,SMF,103,2015,2015-12-20
883,12,20,SMX,2,2015,2015-12-20
884,12,20,SNA,114,2015,2015-12-20
885,12,20,SPI,5,2015,2015-12-20
886,12,20,SPS,3,2015,2015-12-20
887,12,20,SRQ,15,2015,2015-12-20
888,12,20,STL,132,2015,2015-12-20
889,12,20,STT,20,2015,2015-12-20
890,12,20,STX,3,2015,2015-12-20
891,12,20,SUN,5,2015,2015-12-20
892,12,20,SUX,2,2015,2015-12-20
893,12,20,SWF,2,2015,2015-12-20
894,12,20,SYR,18,2015,2015-12-20
895,12,20,TLH,8,2015,2015-12-20
896,12,20,TOL,3,2015,2015-12-20
897,12,20,TPA,210,2015,2015-12-20
898,12,20,TRI,6,2015,2015-12-20
899,12,20,TTN,9,2015,2015-12-20
900,12,20,TUL,37,2015,2015-12-20
901,12,20,TUS,48,2015,2015-12-20
902,12,20,TVC,7,2015,2015-12-20
903,12,20,TWF,3,2015,2015-12-20
904,12,20,TXK,3,2015,2015-12-20
905,12,20,TYR,5,2015,2015-12-20
906,12,20,TYS,19,2015,2015-12-20
907,12,20,VLD,3,2015,2015-12-20
908,12,20,VPS,15,2015,2015-12-20
909,12,20,WRG,2,2015,2015-12-20
910,12,20,XNA,23,2015,2015-12-20
911,12,20,YAK,2,2015,2015-12-20
912,12,20,YUM,6,2015,2015-12-20
913,12,21,ABE,4,2015,2015-12-21
914,12,21,ABI,7,2015,2015-12-21
915,12,21,ABQ,57,2015,2015-12-21
916,12,21,ABR,2,2015,2015-12-21
917,12,21,ABY,2,2015,2015-12-21
918,12,21,ACT,5,2015,2015-12-21
919,12,21,ACV,4,2015,2015-12-21
920,12,21,ACY,10,2015,2015-12-21
921,12,21,ADQ,1,2015,2015-12-21
922,12,21,AEX,10,2015,2015-12-21
923,12,21,AGS,7,2015,2015-12-21
924,12,21,ALB,24,2015,2015-12-21
925,12,21,ALO,2,2015,2015-12-21
926,12,21,AMA,10,2015,2015-12-21
927,12,21,ANC,46,2015,2015-12-21
928,12,21,APN,2,2015,2015-12-21
929,12,21,ASE,26,2015,2015-12-21
930,12,21,ATL,1027,2015,2015-12-21
931,12,21,ATW,7,2015,2015-12-21
932,12,21,AUS,130,2015,2015-12-21
933,12,21,AVL,8,2015,2015-12-21
934,12,21,AVP,2,2015,2015-12-21
935,12,21,AZO,6,2015,2015-12-21
936,12,21,BDL,58,2015,2015-12-21
937,12,21,BET,3,2015,2015-12-21
938,12,21,BFL,8,2015,2015-12-21
939,12,21,BGM,1,2015,2015-12-21
940,12,21,BGR,1,2015,2015-12-21
941,12,21,BHM,35,2015,2015-12-21
942,12,21,BIL,12,2015,2015-12-21
943,12,21,BIS,9,2015,2015-12-21
944,12,21,BJI,2,2015,2015-12-21
945,12,21,BLI,3,2015,2015-12-21
946,12,21,BMI,8,2015,2015-12-21
947,12,21,BNA,139,2015,2015-12-21
948,12,21,BOI,42,2015,2015-12-21
949,12,21,BOS,299,2015,2015-12-21
950,12,21,BPT,3,2015,2015-12-21
951,12,21,BQK,3,2015,2015-12-21
952,12,21,BQN,6,2015,2015-12-21
953,12,21,BRD,2,2015,2015-12-21
954,12,21,BRO,7,2015,2015-12-21
955,12,21,BRW,3,2015,2015-12-21
956,12,21,BTM,2,2015,2015-12-21
957,12,21,BTR,19,2015,2015-12-21
958,12,21,BTV,13,2015,2015-12-21
959,12,21,BUF,48,2015,2015-12-21
960,12,21,BUR,59,2015,2015-12-21
961,12,21,BWI,267,2015,2015-12-21
962,12,21,BZN,14,2015,2015-12-21
963,12,21,CAE,13,2015,2015-12-21
964,12,21,CAK,16,2015,2015-12-21
965,12,21,CDC,2,2015,2015-12-21
966,12,21,CDV,2,2015,2015-12-21
967,12,21,CHA,10,2015,2015-12-21
968,12,21,CHO,5,2015,2015-12-21
969,12,21,CHS,36,2015,2015-12-21
970,12,21,CID,14,2015,2015-12-21
971,12,21,CIU,2,2015,2015-12-21
972,12,21,CLE,94,2015,2015-12-21
973,12,21,CLL,5,2015,2015-12-21
974,12,21,CLT,312,2015,2015-12-21
975,12,21,CMH,66,2015,2015-12-21
976,12,21,CMI,7,2015,2015-12-21
977,12,21,CMX,2,2015,2015-12-21
978,12,21,COD,1,2015,2015-12-21
979,12,21,COS,22,2015,2015-12-21
980,12,21,COU,4,2015,2015-12-21
981,12,21,CPR,3,2015,2015-12-21
982,12,21,CRP,12,2015,2015-12-21
983,12,21,CRW,7,2015,2015-12-21
984,12,21,CSG,2,2015,2015-12-21
985,12,21,CVG,52,2015,2015-12-21
986,12,21,CWA,4,2015,2015-12-21
987,12,21,DAB,5,2015,2015-12-21
988,12,21,DAL,202,2015,2015-12-21
989,12,21,DAY,22,2015,2015-12-21
990,12,21,DBQ,3,2015,2015-12-21
991,12,21,DCA,214,2015,2015-12-21
992,12,21,DEN,634,2015,2015-12-21
993,12,21,DFW,692,2015,2015-12-21
994,12,21,DHN,4,2015,2015-12-21
995,12,21,DLH,5,2015,2015-12-21
996,12,21,DRO,5,2015,2015-12-21
997,12,21,DSM,27,2015,2015-12-21
998,12,21,DTW,287,2015,2015-12-21
999,12,21,DVL,2,2015,2015-12-21
1000,12,21,EAU,2,2015,2015-12-21
1001,12,21,ECP,11,2015,2015-12-21
1002,12,21,EGE,11,2015,2015-12-21
1003,12,21,EKO,2,2015,2015-12-21
1004,12,21,ELM,4,2015,2015-12-21
1005,12,21,ELP,35,2015,2015-12-21
1006,12,21,ERI,2,2015,2015-12-21
1007,12,21,ESC,2,2015,2015-12-21
1008,12,21,EUG,11,2015,2015-12-21
1009,12,21,EVV,10,2015,2015-12-21
1010,12,21,EWN,2,2015,2015-12-21
1011,12,21,EWR,333,2015,2015-12-21
1012,12,21,EYW,6,2015,2015-12-21
1013,12,21,FAI,6,2015,2015-12-21
1014,12,21,FAR,18,2015,2015-12-21
1015,12,21,FAT,18,2015,2015-12-21
1016,12,21,FAY,4,2015,2015-12-21
1017,12,21,FCA,6,2015,2015-12-21
1018,12,21,FLG,6,2015,2015-12-21
1019,12,21,FLL,263,2015,2015-12-21
1020,12,21,FNT,14,2015,2015-12-21
1021,12,21,FSD,10,2015,2015-12-21
1022,12,21,FSM,6,2015,2015-12-21
1023,12,21,FWA,13,2015,2015-12-21
1024,12,21,GCC,3,2015,2015-12-21
1025,12,21,GCK,2,2015,2015-12-21
1026,12,21,GEG,31,2015,2015-12-21
1027,12,21,GFK,4,2015,2015-12-21
1028,12,21,GGG,2,2015,2015-12-21
1029,12,21,GJT,10,2015,2015-12-21
1030,12,21,GNV,8,2015,2015-12-21
1031,12,21,GPT,9,2015,2015-12-21
1032,12,21,GRB,12,2015,2015-12-21
1033,12,21,GRI,2,2015,2015-12-21
1034,12,21,GRK,11,2015,2015-12-21
1035,12,21,GRR,27,2015,2015-12-21
1036,12,21,GSO,13,2015,2015-12-21
1037,12,21,GSP,20,2015,2015-12-21
1038,12,21,GTF,6,2015,2015-12-21
1039,12,21,GTR,2,2015,2015-12-21
1040,12,21,GUC,2,2015,2015-12-21
1041,12,21,GUM,1,2015,2015-12-21
1042,12,21,HDN,7,2015,2015-12-21
1043,12,21,HIB,3,2015,2015-12-21
1044,12,21,HLN,4,2015,2015-12-21
1045,12,21,HNL,137,2015,2015-12-21
1046,12,21,HOB,2,2015,2015-12-21
1047,12,21,HOU,165,2015,2015-12-21
1048,12,21,HPN,19,2015,2015-12-21
1049,12,21,HRL,9,2015,2015-12-21
1050,12,21,HSV,12,2015,2015-12-21
1051,12,21,HYS,2,2015,2015-12-21
1052,12,21,IAD,95,2015,2015-12-21
1053,12,21,IAG,1,2015,2015-12-21
1054,12,21,IAH,438,2015,2015-12-21
1055,12,21,ICT,25,2015,2015-12-21
1056,12,21,IDA,7,2015,2015-12-21
1057,12,21,ILM,5,2015,2015-12-21
1058,12,21,IMT,2,2015,2015-12-21
1059,12,21,IND,84,2015,2015-12-21
1060,12,21,INL,2,2015,2015-12-21
1061,12,21,ISN,6,2015,2015-12-21
1062,12,21,ISP,13,2015,2015-12-21
1063,12,21,ITH,2,2015,2015-12-21
1064,12,21,ITO,17,2015,2015-12-21
1065,12,21,JAC,20,2015,2015-12-21
1066,12,21,JAN,21,2015,2015-12-21
1067,12,21,JAX,60,2015,2015-12-21
1068,12,21,JFK,288,2015,2015-12-21
1069,12,21,JLN,2,2015,2015-12-21
1070,12,21,JMS,3,2015,2015-12-21
1071,12,21,JNU,11,2015,2015-12-21
1072,12,21,KOA,35,2015,2015-12-21
1073,12,21,KTN,6,2015,2015-12-21
1074,12,21,LAN,5,2015,2015-12-21
1075,12,21,LAR,2,2015,2015-12-21
1076,12,21,LAS,405,2015,2015-12-21
1077,12,21,LAW,4,2015,2015-12-21
1078,12,21,LAX,603,2015,2015-12-21
1079,12,21,LBB,14,2015,2015-12-21
1080,12,21,LBE,3,2015,2015-12-21
1081,12,21,LCH,5,2015,2015-12-21
1082,12,21,LEX,14,2015,2015-12-21
1083,12,21,LFT,11,2015,2015-12-21
1084,12,21,LGA,271,2015,2015-12-21
1085,12,21,LGB,26,2015,2015-12-21
1086,12,21,LIH,34,2015,2015-12-21
1087,12,21,LIT,29,2015,2015-12-21
1088,12,21,LNK,6,2015,2015-12-21
1089,12,21,LRD,6,2015,2015-12-21
1090,12,21,LSE,5,2015,2015-12-21
1091,12,21,LWS,2,2015,2015-12-21
1092,12,21,MAF,20,2015,2015-12-21
1093,12,21,MBS,5,2015,2015-12-21
1094,12,21,MCI,111,2015,2015-12-21
1095,12,21,MCO,371,2015,2015-12-21
1096,12,21,MDT,9,2015,2015-12-21
1097,12,21,MDW,239,2015,2015-12-21
1098,12,21,MEI,3,2015,2015-12-21
1099,12,21,MEM,37,2015,2015-12-21
1100,12,21,MFE,5,2015,2015-12-21
1101,12,21,MFR,9,2015,2015-12-21
1102,12,21,MGM,9,2015,2015-12-21
1103,12,21,MHK,5,2015,2015-12-21
1104,12,21,MHT,15,2015,2015-12-21
1105,12,21,MIA,224,2015,2015-12-21
1106,12,21,MKE,86,2015,2015-12-21
1107,12,21,MKG,2,2015,2015-12-21
1108,12,21,MLB,5,2015,2015-12-21
1109,12,21,MLI,9,2015,2015-12-21
1110,12,21,MLU,9,2015,2015-12-21
1111,12,21,MMH,1,2015,2015-12-21
1112,12,21,MOB,16,2015,2015-12-21
1113,12,21,MOT,5,2015,2015-12-21
1114,12,21,MQT,2,2015,2015-12-21
1115,12,21,MRY,7,2015,2015-12-21
1116,12,21,MSN,24,2015,2015-12-21
1117,12,21,MSO,7,2015,2015-12-21
1118,12,21,MSP,316,2015,2015-12-21
1119,12,21,MSY,116,2015,2015-12-21
1120,12,21,MTJ,8,2015,2015-12-21
1121,12,21,MYR,9,2015,2015-12-21
1122,12,21,OAJ,4,2015,2015-12-21
1123,12,21,OAK,137,2015,2015-12-21
1124,12,21,OGG,68,2015,2015-12-21
1125,12,21,OKC,52,2015,2015-12-21
1126,12,21,OMA,55,2015,2015-12-21
1127,12,21,OME,2,2015,2015-12-21
1128,12,21,ONT,54,2015,2015-12-21
1129,12,21,ORD,865,2015,2015-12-21
1130,12,21,ORF,28,2015,2015-12-21
1131,12,21,ORH,2,2015,2015-12-21
1132,12,21,OTH,1,2015,2015-12-21
1133,12,21,OTZ,2,2015,2015-12-21
1134,12,21,PAH,2,2015,2015-12-21
1135,12,21,PBG,1,2015,2015-12-21
1136,12,21,PBI,96,2015,2015-12-21
1137,12,21,PDX,158,2015,2015-12-21
1138,12,21,PHF,3,2015,2015-12-21
1139,12,21,PHL,205,2015,2015-12-21
1140,12,21,PHX,474,2015,2015-12-21
1141,12,21,PIA,14,2015,2015-12-21
1142,12,21,PIB,2,2015,2015-12-21
1143,12,21,PIH,2,2015,2015-12-21
1144,12,21,PIT,68,2015,2015-12-21
1145,12,21,PLN,2,2015,2015-12-21
1146,12,21,PNS,18,2015,2015-12-21
1147,12,21,PPG,1,2015,2015-12-21
1148,12,21,PSC,10,2015,2015-12-21
1149,12,21,PSE,3,2015,2015-12-21
1150,12,21,PSG,2,2015,2015-12-21
1151,12,21,PSP,32,2015,2015-12-21
1152,12,21,PVD,36,2015,2015-12-21
1153,12,21,PWM,14,2015,2015-12-21
1154,12,21,RAP,10,2015,2015-12-21
1155,12,21,RDD,2,2015,2015-12-21
1156,12,21,RDM,7,2015,2015-12-21
1157,12,21,RDU,96,2015,2015-12-21
1158,12,21,RHI,3,2015,2015-12-21
1159,12,21,RIC,44,2015,2015-12-21
1160,12,21,RKS,2,2015,2015-12-21
1161,12,21,RNO,40,2015,2015-12-21
1162,12,21,ROA,6,2015,2015-12-21
1163,12,21,ROC,23,2015,2015-12-21
1164,12,21,ROW,3,2015,2015-12-21
1165,12,21,RST,4,2015,2015-12-21
1166,12,21,RSW,113,2015,2015-12-21
1167,12,21,SAF,3,2015,2015-12-21
1168,12,21,SAN,216,2015,2015-12-21
1169,12,21,SAT,86,2015,2015-12-21
1170,12,21,SAV,17,2015,2015-12-21
1171,12,21,SBA,14,2015,2015-12-21
1172,12,21,SBN,13,2015,2015-12-21
1173,12,21,SBP,7,2015,2015-12-21
1174,12,21,SCC,3,2015,2015-12-21
1175,12,21,SCE,3,2015,2015-12-21
1176,12,21,SDF,28,2015,2015-12-21
1177,12,21,SEA,367,2015,2015-12-21
1178,12,21,SFO,485,2015,2015-12-21
1179,12,21,SGF,18,2015,2015-12-21
1180,12,21,SGU,6,2015,2015-12-21
1181,12,21,SHV,19,2015,2015-12-21
1182,12,21,SIT,3,2015,2015-12-21
1183,12,21,SJC,113,2015,2015-12-21
1184,12,21,SJT,5,2015,2015-12-21
1185,12,21,SJU,94,2015,2015-12-21
1186,12,21,SLC,318,2015,2015-12-21
1187,12,21,SMF,113,2015,2015-12-21
1188,12,21,SMX,2,2015,2015-12-21
1189,12,21,SNA,125,2015,2015-12-21
1190,12,21,SPI,5,2015,2015-12-21
1191,12,21,SPS,3,2015,2015-12-21
1192,12,21,SRQ,14,2015,2015-12-21
1193,12,21,STL,148,2015,2015-12-21
1194,12,21,STT,16,2015,2015-12-21
1195,12,21,STX,3,2015,2015-12-21
1196,12,21,SUN,5,2015,2015-12-21
1197,12,21,SUX,2,2015,2015-12-21
1198,12,21,SWF,2,2015,2015-12-21
1199,12,21,SYR,18,2015,2015-12-21
1200,12,21,TLH,8,2015,2015-12-21
1201,12,21,TOL,3,2015,2015-12-21
1202,12,21,TPA,209,2015,2015-12-21
1203,12,21,TRI,5,2015,2015-12-21
1204,12,21,TTN,9,2015,2015-12-21
1205,12,21,TUL,38,2015,2015-12-21
1206,12,21,TUS,48,2015,2015-12-21
1207,12,21,TVC,8,2015,2015-12-21
1208,12,21,TWF,3,2015,2015-12-21
1209,12,21,TXK,3,2015,2015-12-21
1210,12,21,TYR,5,2015,2015-12-21
1211,12,21,TYS,19,2015,2015-12-21
1212,12,21,UST,1,2015,2015-12-21
1213,12,21,VLD,3,2015,2015-12-21
1214,12,21,VPS,15,2015,2015-12-21
1215,12,21,WRG,2,2015,2015-12-21
1216,12,21,XNA,27,2015,2015-12-21
1217,12,21,YAK,2,2015,2015-12-21
1218,12,21,YUM,6,2015,2015-12-21
1219,12,22,ABE,4,2015,2015-12-22
1220,12,22,ABI,7,2015,2015-12-22
1221,12,22,ABQ,56,2015,2015-12-22
1222,12,22,ABR,2,2015,2015-12-22
1223,12,22,ABY,2,2015,2015-12-22
1224,12,22,ACT,5,2015,2015-12-22
1225,12,22,ACV,4,2015,2015-12-22
1226,12,22,ACY,10,2015,2015-12-22
1227,12,22,ADQ,1,2015,2015-12-22
1228,12,22,AEX,10,2015,2015-12-22
1229,12,22,AGS,7,2015,2015-12-22
1230,12,22,ALB,27,2015,2015-12-22
1231,12,22,ALO,2,2015,2015-12-22
1232,12,22,AMA,9,2015,2015-12-22
1233,12,22,ANC,44,2015,2015-12-22
1234,12,22,APN,2,2015,2015-12-22
1235,12,22,ASE,26,2015,2015-12-22
1236,12,22,ATL,1031,2015,2015-12-22
1237,12,22,ATW,8,2015,2015-12-22
1238,12,22,AUS,130,2015,2015-12-22
1239,12,22,AVL,8,2015,2015-12-22
1240,12,22,AVP,3,2015,2015-12-22
1241,12,22,AZO,7,2015,2015-12-22
1242,12,22,BDL,61,2015,2015-12-22
1243,12,22,BET,3,2015,2015-12-22
1244,12,22,BFL,7,2015,2015-12-22
1245,12,22,BGM,1,2015,2015-12-22
1246,12,22,BGR,1,2015,2015-12-22
1247,12,22,BHM,34,2015,2015-12-22
1248,12,22,BIL,12,2015,2015-12-22
1249,12,22,BIS,11,2015,2015-12-22
1250,12,22,BJI,2,2015,2015-12-22
1251,12,22,BLI,4,2015,2015-12-22
1252,12,22,BMI,8,2015,2015-12-22
1253,12,22,BNA,139,2015,2015-12-22
1254,12,22,BOI,42,2015,2015-12-22
1255,12,22,BOS,300,2015,2015-12-22
1256,12,22,BPT,3,2015,2015-12-22
1257,12,22,BQK,3,2015,2015-12-22
1258,12,22,BQN,5,2015,2015-12-22
1259,12,22,BRD,2,2015,2015-12-22
1260,12,22,BRO,7,2015,2015-12-22
1261,12,22,BRW,3,2015,2015-12-22
1262,12,22,BTM,2,2015,2015-12-22
1263,12,22,BTR,19,2015,2015-12-22
1264,12,22,BTV,14,2015,2015-12-22
1265,12,22,BUF,48,2015,2015-12-22
1266,12,22,BUR,59,2015,2015-12-22
1267,12,22,BWI,269,2015,2015-12-22
1268,12,22,BZN,13,2015,2015-12-22
1269,12,22,CAE,12,2015,2015-12-22
1270,12,22,CAK,16,2015,2015-12-22
1271,12,22,CDC,2,2015,2015-12-22
1272,12,22,CDV,2,2015,2015-12-22
1273,12,22,CHA,10,2015,2015-12-22
1274,12,22,CHO,5,2015,2015-12-22
1275,12,22,CHS,33,2015,2015-12-22
1276,12,22,CID,17,2015,2015-12-22
1277,12,22,CIU,2,2015,2015-12-22
1278,12,22,CLE,95,2015,2015-12-22
1279,12,22,CLL,5,2015,2015-12-22
1280,12,22,CLT,311,2015,2015-12-22
1281,12,22,CMH,68,2015,2015-12-22
1282,12,22,CMI,7,2015,2015-12-22
1283,12,22,CMX,2,2015,2015-12-22
1284,12,22,COD,1,2015,2015-12-22
1285,12,22,COS,23,2015,2015-12-22
1286,12,22,COU,4,2015,2015-12-22
1287,12,22,CPR,4,2015,2015-12-22
1288,12,22,CRP,12,2015,2015-12-22
1289,12,22,CRW,7,2015,2015-12-22
1290,12,22,CSG,2,2015,2015-12-22
1291,12,22,CVG,52,2015,2015-12-22
1292,12,22,CWA,4,2015,2015-12-22
1293,12,22,DAB,4,2015,2015-12-22
1294,12,22,DAL,202,2015,2015-12-22
1295,12,22,DAY,21,2015,2015-12-22
1296,12,22,DBQ,3,2015,2015-12-22
1297,12,22,DCA,212,2015,2015-12-22
1298,12,22,DEN,630,2015,2015-12-22
1299,12,22,DFW,687,2015,2015-12-22
1300,12,22,DHN,4,2015,2015-12-22
1301,12,22,DLH,5,2015,2015-12-22
1302,12,22,DRO,6,2015,2015-12-22
1303,12,22,DSM,25,2015,2015-12-22
1304,12,22,DTW,287,2015,2015-12-22
1305,12,22,DVL,1,2015,2015-12-22
1306,12,22,EAU,2,2015,2015-12-22
1307,12,22,ECP,11,2015,2015-12-22
1308,12,22,EGE,11,2015,2015-12-22
1309,12,22,EKO,2,2015,2015-12-22
1310,12,22,ELM,4,2015,2015-12-22
1311,12,22,ELP,34,2015,2015-12-22
1312,12,22,ERI,2,2015,2015-12-22
1313,12,22,ESC,2,2015,2015-12-22
1314,12,22,EUG,11,2015,2015-12-22
1315,12,22,EVV,10,2015,2015-12-22
1316,12,22,EWN,2,2015,2015-12-22
1317,12,22,EWR,337,2015,2015-12-22
1318,12,22,EYW,6,2015,2015-12-22
1319,12,22,FAI,6,2015,2015-12-22
1320,12,22,FAR,18,2015,2015-12-22
1321,12,22,FAT,18,2015,2015-12-22
1322,12,22,FAY,4,2015,2015-12-22
1323,12,22,FCA,6,2015,2015-12-22
1324,12,22,FLG,6,2015,2015-12-22
1325,12,22,FLL,264,2015,2015-12-22
1326,12,22,FNT,14,2015,2015-12-22
1327,12,22,FSD,10,2015,2015-12-22
1328,12,22,FSM,6,2015,2015-12-22
1329,12,22,FWA,13,2015,2015-12-22
1330,12,22,GCC,3,2015,2015-12-22
1331,12,22,GCK,2,2015,2015-12-22
1332,12,22,GEG,31,2015,2015-12-22
1333,12,22,GFK,4,2015,2015-12-22
1334,12,22,GGG,2,2015,2015-12-22
1335,12,22,GJT,11,2015,2015-12-22
1336,12,22,GNV,8,2015,2015-12-22
1337,12,22,GPT,9,2015,2015-12-22
1338,12,22,GRB,12,2015,2015-12-22
1339,12,22,GRI,2,2015,2015-12-22
1340,12,22,GRK,12,2015,2015-12-22
1341,12,22,GRR,28,2015,2015-12-22
1342,12,22,GSO,11,2015,2015-12-22
1343,12,22,GSP,19,2015,2015-12-22
1344,12,22,GTF,5,2015,2015-12-22
1345,12,22,GTR,2,2015,2015-12-22
1346,12,22,GUC,3,2015,2015-12-22
1347,12,22,GUM,1,2015,2015-12-22
1348,12,22,HDN,7,2015,2015-12-22
1349,12,22,HIB,3,2015,2015-12-22
1350,12,22,HLN,4,2015,2015-12-22
1351,12,22,HNL,134,2015,2015-12-22
1352,12,22,HOB,2,2015,2015-12-22
1353,12,22,HOU,165,2015,2015-12-22
1354,12,22,HPN,19,2015,2015-12-22
1355,12,22,HRL,9,2015,2015-12-22
1356,12,22,HSV,12,2015,2015-12-22
1357,12,22,HYS,2,2015,2015-12-22
1358,12,22,IAD,97,2015,2015-12-22
1359,12,22,IAG,1,2015,2015-12-22
1360,12,22,IAH,433,2015,2015-12-22
1361,12,22,ICT,26,2015,2015-12-22
1362,12,22,IDA,7,2015,2015-12-22
1363,12,22,ILM,5,2015,2015-12-22
1364,12,22,IMT,2,2015,2015-12-22
1365,12,22,IND,84,2015,2015-12-22
1366,12,22,INL,1,2015,2015-12-22
1367,12,22,ISN,6,2015,2015-12-22
1368,12,22,ISP,13,2015,2015-12-22
1369,12,22,ITH,2,2015,2015-12-22
1370,12,22,ITO,17,2015,2015-12-22
1371,12,22,JAC,20,2015,2015-12-22
1372,12,22,JAN,21,2015,2015-12-22
1373,12,22,JAX,59,2015,2015-12-22
1374,12,22,JFK,284,2015,2015-12-22
1375,12,22,JLN,2,2015,2015-12-22
1376,12,22,JMS,2,2015,2015-12-22
1377,12,22,JNU,11,2015,2015-12-22
1378,12,22,KOA,33,2015,2015-12-22
1379,12,22,KTN,6,2015,2015-12-22
1380,12,22,LAN,6,2015,2015-12-22
1381,12,22,LAR,2,2015,2015-12-22
1382,12,22,LAS,405,2015,2015-12-22
1383,12,22,LAW,4,2015,2015-12-22
1384,12,22,LAX,593,2015,2015-12-22
1385,12,22,LBB,14,2015,2015-12-22
1386,12,22,LBE,3,2015,2015-12-22
1387,12,22,LCH,5,2015,2015-12-22
1388,12,22,LEX,14,2015,2015-12-22
1389,12,22,LFT,13,2015,2015-12-22
1390,12,22,LGA,271,2015,2015-12-22
1391,12,22,LGB,26,2015,2015-12-22
1392,12,22,LIH,34,2015,2015-12-22
1393,12,22,LIT,29,2015,2015-12-22
1394,12,22,LNK,7,2015,2015-12-22
1395,12,22,LRD,6,2015,2015-12-22
1396,12,22,LSE,5,2015,2015-12-22
1397,12,22,LWS,2,2015,2015-12-22
1398,12,22,MAF,17,2015,2015-12-22
1399,12,22,MBS,6,2015,2015-12-22
1400,12,22,MCI,109,2015,2015-12-22
1401,12,22,MCO,371,2015,2015-12-22
1402,12,22,MDT,9,2015,2015-12-22
1403,12,22,MDW,237,2015,2015-12-22
1404,12,22,MEI,3,2015,2015-12-22
1405,12,22,MEM,37,2015,2015-12-22
1406,12,22,MFE,7,2015,2015-12-22
1407,12,22,MFR,9,2015,2015-12-22
1408,12,22,MGM,9,2015,2015-12-22
1409,12,22,MHK,5,2015,2015-12-22
1410,12,22,MHT,15,2015,2015-12-22
1411,12,22,MIA,222,2015,2015-12-22
1412,12,22,MKE,85,2015,2015-12-22
1413,12,22,MKG,2,2015,2015-12-22
1414,12,22,MLB,5,2015,2015-12-22
1415,12,22,MLI,7,2015,2015-12-22
1416,12,22,MLU,9,2015,2015-12-22
1417,12,22,MMH,1,2015,2015-12-22
1418,12,22,MOB,15,2015,2015-12-22
1419,12,22,MOT,4,2015,2015-12-22
1420,12,22,MQT,2,2015,2015-12-22
1421,12,22,MRY,7,2015,2015-12-22
1422,12,22,MSN,23,2015,2015-12-22
1423,12,22,MSO,8,2015,2015-12-22
1424,12,22,MSP,311,2015,2015-12-22
1425,12,22,MSY,119,2015,2015-12-22
1426,12,22,MTJ,6,2015,2015-12-22
1427,12,22,MYR,9,2015,2015-12-22
1428,12,22,OAJ,4,2015,2015-12-22
1429,12,22,OAK,138,2015,2015-12-22
1430,12,22,OGG,67,2015,2015-12-22
1431,12,22,OKC,52,2015,2015-12-22
1432,12,22,OMA,53,2015,2015-12-22
1433,12,22,OME,2,2015,2015-12-22
1434,12,22,ONT,54,2015,2015-12-22
1435,12,22,ORD,869,2015,2015-12-22
1436,12,22,ORF,28,2015,2015-12-22
1437,12,22,ORH,2,2015,2015-12-22
1438,12,22,OTZ,2,2015,2015-12-22
1439,12,22,PAH,2,2015,2015-12-22
1440,12,22,PBG,1,2015,2015-12-22
1441,12,22,PBI,97,2015,2015-12-22
1442,12,22,PDX,158,2015,2015-12-22
1443,12,22,PHF,3,2015,2015-12-22
1444,12,22,PHL,204,2015,2015-12-22
1445,12,22,PHX,474,2015,2015-12-22
1446,12,22,PIA,14,2015,2015-12-22
1447,12,22,PIB,2,2015,2015-12-22
1448,12,22,PIH,2,2015,2015-12-22
1449,12,22,PIT,69,2015,2015-12-22
1450,12,22,PLN,2,2015,2015-12-22
1451,12,22,PNS,18,2015,2015-12-22
1452,12,22,PSC,10,2015,2015-12-22
1453,12,22,PSE,3,2015,2015-12-22
1454,12,22,PSG,2,2015,2015-12-22
1455,12,22,PSP,32,2015,2015-12-22
1456,12,22,PVD,37,2015,2015-12-22
1457,12,22,PWM,16,2015,2015-12-22
1458,12,22,RAP,10,2015,2015-12-22
1459,12,22,RDD,2,2015,2015-12-22
1460,12,22,RDM,7,2015,2015-12-22
1461,12,22,RDU,97,2015,2015-12-22
1462,12,22,RHI,3,2015,2015-12-22
1463,12,22,RIC,42,2015,2015-12-22
1464,12,22,RKS,2,2015,2015-12-22
1465,12,22,RNO,40,2015,2015-12-22
1466,12,22,ROA,6,2015,2015-12-22
1467,12,22,ROC,21,2015,2015-12-22
1468,12,22,ROW,3,2015,2015-12-22
1469,12,22,RST,4,2015,2015-12-22
1470,12,22,RSW,114,2015,2015-12-22
1471,12,22,SAF,3,2015,2015-12-22
1472,12,22,SAN,215,2015,2015-12-22
1473,12,22,SAT,86,2015,2015-12-22
1474,12,22,SAV,17,2015,2015-12-22
1475,12,22,SBA,14,2015,2015-12-22
1476,12,22,SBN,13,2015,2015-12-22
1477,12,22,SBP,7,2015,2015-12-22
1478,12,22,SCC,3,2015,2015-12-22
1479,12,22,SCE,3,2015,2015-12-22
1480,12,22,SDF,27,2015,2015-12-22
1481,12,22,SEA,366,2015,2015-12-22
1482,12,22,SFO,483,2015,2015-12-22
1483,12,22,SGF,18,2015,2015-12-22
1484,12,22,SGU,6,2015,2015-12-22
1485,12,22,SHV,19,2015,2015-12-22
1486,12,22,SIT,3,2015,2015-12-22
1487,12,22,SJC,112,2015,2015-12-22
1488,12,22,SJT,5,2015,2015-12-22
1489,12,22,SJU,91,2015,2015-12-22
1490,12,22,SLC,314,2015,2015-12-22
1491,12,22,SMF,113,2015,2015-12-22
1492,12,22,SMX,2,2015,2015-12-22
1493,12,22,SNA,124,2015,2015-12-22
1494,12,22,SPI,5,2015,2015-12-22
1495,12,22,SPS,3,2015,2015-12-22
1496,12,22,SRQ,14,2015,2015-12-22
1497,12,22,STL,148,2015,2015-12-22
1498,12,22,STT,16,2015,2015-12-22
1499,12,22,STX,3,2015,2015-12-22
1500,12,22,SUN,5,2015,2015-12-22
1501,12,22,SUX,2,2015,2015-12-22
1502,12,22,SWF,2,2015,2015-12-22
1503,12,22,SYR,19,2015,2015-12-22
1504,12,22,TLH,8,2015,2015-12-22
1505,12,22,TOL,3,2015,2015-12-22
1506,12,22,TPA,207,2015,2015-12-22
1507,12,22,TRI,5,2015,2015-12-22
1508,12,22,TTN,10,2015,2015-12-22
1509,12,22,TUL,39,2015,2015-12-22
1510,12,22,TUS,47,2015,2015-12-22
1511,12,22,TVC,7,2015,2015-12-22
1512,12,22,TWF,3,2015,2015-12-22
1513,12,22,TXK,3,2015,2015-12-22
1514,12,22,TYR,5,2015,2015-12-22
1515,12,22,TYS,20,2015,2015-12-22
1516,12,22,VLD,3,2015,2015-12-22
1517,12,22,VPS,15,2015,2015-12-22
1518,12,22,WRG,2,2015,2015-12-22
1519,12,22,XNA,26,2015,2015-12-22
1520,12,22,YAK,2,2015,2015-12-22
1521,12,22,YUM,6,2015,2015-12-22
1522,12,23,ABE,3,2015,2015-12-23
1523,12,23,ABI,7,2015,2015-12-23
1524,12,23,ABQ,59,2015,2015-12-23
1525,12,23,ABR,2,2015,2015-12-23
1526,12,23,ABY,2,2015,2015-12-23
1527,12,23,ACT,5,2015,2015-12-23
1528,12,23,ACV,4,2015,2015-12-23
1529,12,23,ACY,10,2015,2015-12-23
1530,12,23,ADQ,1,2015,2015-12-23
1531,12,23,AEX,10,2015,2015-12-23
1532,12,23,AGS,7,2015,2015-12-23
1533,12,23,ALB,27,2015,2015-12-23
1534,12,23,ALO,2,2015,2015-12-23
1535,12,23,AMA,9,2015,2015-12-23
1536,12,23,ANC,42,2015,2015-12-23
1537,12,23,APN,2,2015,2015-12-23
1538,12,23,ASE,26,2015,2015-12-23
1539,12,23,ATL,1033,2015,2015-12-23
1540,12,23,ATW,9,2015,2015-12-23
1541,12,23,AUS,132,2015,2015-12-23
1542,12,23,AVL,8,2015,2015-12-23
1543,12,23,AVP,4,2015,2015-12-23
1544,12,23,AZO,6,2015,2015-12-23
1545,12,23,BDL,61,2015,2015-12-23
1546,12,23,BET,3,2015,2015-12-23
1547,12,23,BFL,7,2015,2015-12-23
1548,12,23,BGM,1,2015,2015-12-23
1549,12,23,BGR,1,2015,2015-12-23
1550,12,23,BHM,38,2015,2015-12-23
1551,12,23,BIL,12,2015,2015-12-23
1552,12,23,BIS,10,2015,2015-12-23
1553,12,23,BJI,2,2015,2015-12-23
1554,12,23,BLI,4,2015,2015-12-23
1555,12,23,BMI,8,2015,2015-12-23
1556,12,23,BNA,141,2015,2015-12-23
1557,12,23,BOI,43,2015,2015-12-23
1558,12,23,BOS,309,2015,2015-12-23
1559,12,23,BPT,3,2015,2015-12-23
1560,12,23,BQK,3,2015,2015-12-23
1561,12,23,BQN,6,2015,2015-12-23
1562,12,23,BRD,2,2015,2015-12-23
1563,12,23,BRO,7,2015,2015-12-23
1564,12,23,BRW,2,2015,2015-12-23
1565,12,23,BTM,2,2015,2015-12-23
1566,12,23,BTR,20,2015,2015-12-23
1567,12,23,BTV,14,2015,2015-12-23
1568,12,23,BUF,47,2015,2015-12-23
1569,12,23,BUR,64,2015,2015-12-23
1570,12,23,BWI,291,2015,2015-12-23
1571,12,23,BZN,13,2015,2015-12-23
1572,12,23,CAE,12,2015,2015-12-23
1573,12,23,CAK,16,2015,2015-12-23
1574,12,23,CDC,2,2015,2015-12-23
1575,12,23,CDV,2,2015,2015-12-23
1576,12,23,CHA,10,2015,2015-12-23
1577,12,23,CHO,6,2015,2015-12-23
1578,12,23,CHS,38,2015,2015-12-23
1579,12,23,CID,18,2015,2015-12-23
1580,12,23,CIU,2,2015,2015-12-23
1581,12,23,CLE,95,2015,2015-12-23
1582,12,23,CLL,5,2015,2015-12-23
1583,12,23,CLT,316,2015,2015-12-23
1584,12,23,CMH,71,2015,2015-12-23
1585,12,23,CMI,7,2015,2015-12-23
1586,12,23,CMX,2,2015,2015-12-23
1587,12,23,COD,2,2015,2015-12-23
1588,12,23,COS,22,2015,2015-12-23
1589,12,23,COU,4,2015,2015-12-23
1590,12,23,CPR,4,2015,2015-12-23
1591,12,23,CRP,13,2015,2015-12-23
1592,12,23,CRW,7,2015,2015-12-23
1593,12,23,CSG,2,2015,2015-12-23
1594,12,23,CVG,54,2015,2015-12-23
1595,12,23,CWA,4,2015,2015-12-23
1596,12,23,DAB,5,2015,2015-12-23
1597,12,23,DAL,196,2015,2015-12-23
1598,12,23,DAY,23,2015,2015-12-23
1599,12,23,DBQ,3,2015,2015-12-23
1600,12,23,DCA,213,2015,2015-12-23
1601,12,23,DEN,639,2015,2015-12-23
1602,12,23,DFW,689,2015,2015-12-23
1603,12,23,DHN,4,2015,2015-12-23
1604,12,23,DLH,5,2015,2015-12-23
1605,12,23,DRO,5,2015,2015-12-23
1606,12,23,DSM,26,2015,2015-12-23
1607,12,23,DTW,292,2015,2015-12-23
1608,12,23,DVL,2,2015,2015-12-23
1609,12,23,EAU,2,2015,2015-12-23
1610,12,23,ECP,11,2015,2015-12-23
1611,12,23,EGE,11,2015,2015-12-23
1612,12,23,EKO,2,2015,2015-12-23
1613,12,23,ELM,4,2015,2015-12-23
1614,12,23,ELP,38,2015,2015-12-23
1615,12,23,ERI,2,2015,2015-12-23
1616,12,23,ESC,2,2015,2015-12-23
1617,12,23,EUG,11,2015,2015-12-23
1618,12,23,EVV,10,2015,2015-12-23
1619,12,23,EWN,2,2015,2015-12-23
1620,12,23,EWR,336,2015,2015-12-23
1621,12,23,EYW,6,2015,2015-12-23
1622,12,23,FAI,6,2015,2015-12-23
1623,12,23,FAR,19,2015,2015-12-23
1624,12,23,FAT,17,2015,2015-12-23
1625,12,23,FAY,4,2015,2015-12-23
1626,12,23,FCA,6,2015,2015-12-23
1627,12,23,FLG,6,2015,2015-12-23
1628,12,23,FLL,272,2015,2015-12-23
1629,12,23,FNT,13,2015,2015-12-23
1630,12,23,FSD,9,2015,2015-12-23
1631,12,23,FSM,6,2015,2015-12-23
1632,12,23,FWA,15,2015,2015-12-23
1633,12,23,GCC,3,2015,2015-12-23
1634,12,23,GCK,2,2015,2015-12-23
1635,12,23,GEG,31,2015,2015-12-23
1636,12,23,GFK,4,2015,2015-12-23
1637,12,23,GGG,2,2015,2015-12-23
1638,12,23,GJT,10,2015,2015-12-23
1639,12,23,GNV,8,2015,2015-12-23
1640,12,23,GPT,9,2015,2015-12-23
1641,12,23,GRB,12,2015,2015-12-23
1642,12,23,GRI,2,2015,2015-12-23
1643,12,23,GRK,11,2015,2015-12-23
1644,12,23,GRR,27,2015,2015-12-23
1645,12,23,GSO,12,2015,2015-12-23
1646,12,23,GSP,21,2015,2015-12-23
1647,12,23,GTF,5,2015,2015-12-23
1648,12,23,GTR,2,2015,2015-12-23
1649,12,23,GUC,4,2015,2015-12-23
1650,12,23,GUM,1,2015,2015-12-23
1651,12,23,HDN,8,2015,2015-12-23
1652,12,23,HIB,3,2015,2015-12-23
1653,12,23,HLN,4,2015,2015-12-23
1654,12,23,HNL,137,2015,2015-12-23
1655,12,23,HOB,2,2015,2015-12-23
1656,12,23,HOU,169,2015,2015-12-23
1657,12,23,HPN,19,2015,2015-12-23
1658,12,23,HRL,9,2015,2015-12-23
1659,12,23,HSV,13,2015,2015-12-23
1660,12,23,HYS,2,2015,2015-12-23
1661,12,23,IAD,96,2015,2015-12-23
1662,12,23,IAG,1,2015,2015-12-23
1663,12,23,IAH,429,2015,2015-12-23
1664,12,23,ICT,25,2015,2015-12-23
1665,12,23,IDA,7,2015,2015-12-23
1666,12,23,ILM,5,2015,2015-12-23
1667,12,23,IMT,2,2015,2015-12-23
1668,12,23,IND,87,2015,2015-12-23
1669,12,23,INL,1,2015,2015-12-23
1670,12,23,ISN,6,2015,2015-12-23
1671,12,23,ISP,16,2015,2015-12-23
1672,12,23,ITH,2,2015,2015-12-23
1673,12,23,ITO,17,2015,2015-12-23
1674,12,23,JAC,19,2015,2015-12-23
1675,12,23,JAN,20,2015,2015-12-23
1676,12,23,JAX,61,2015,2015-12-23
1677,12,23,JFK,291,2015,2015-12-23
1678,12,23,JLN,2,2015,2015-12-23
1679,12,23,JMS,3,2015,2015-12-23
1680,12,23,JNU,10,2015,2015-12-23
1681,12,23,KOA,34,2015,2015-12-23
1682,12,23,KTN,6,2015,2015-12-23
1683,12,23,LAN,4,2015,2015-12-23
1684,12,23,LAR,2,2015,2015-12-23
1685,12,23,LAS,384,2015,2015-12-23
1686,12,23,LAW,4,2015,2015-12-23
1687,12,23,LAX,588,2015,2015-12-23
1688,12,23,LBB,15,2015,2015-12-23
1689,12,23,LBE,3,2015,2015-12-23
1690,12,23,LCH,6,2015,2015-12-23
1691,12,23,LEX,14,2015,2015-12-23
1692,12,23,LFT,12,2015,2015-12-23
1693,12,23,LGA,274,2015,2015-12-23
1694,12,23,LGB,26,2015,2015-12-23
1695,12,23,LIH,35,2015,2015-12-23
1696,12,23,LIT,30,2015,2015-12-23
1697,12,23,LNK,8,2015,2015-12-23
1698,12,23,LRD,6,2015,2015-12-23
1699,12,23,LSE,6,2015,2015-12-23
1700,12,23,LWS,2,2015,2015-12-23
1701,12,23,MAF,17,2015,2015-12-23
1702,12,23,MBS,6,2015,2015-12-23
1703,12,23,MCI,116,2015,2015-12-23
1704,12,23,MCO,379,2015,2015-12-23
1705,12,23,MDT,9,2015,2015-12-23
1706,12,23,MDW,262,2015,2015-12-23
1707,12,23,MEI,3,2015,2015-12-23
1708,12,23,MEM,36,2015,2015-12-23
1709,12,23,MFE,7,2015,2015-12-23
1710,12,23,MFR,9,2015,2015-12-23
1711,12,23,MGM,9,2015,2015-12-23
1712,12,23,MHK,5,2015,2015-12-23
1713,12,23,MHT,16,2015,2015-12-23
1714,12,23,MIA,224,2015,2015-12-23
1715,12,23,MKE,85,2015,2015-12-23
1716,12,23,MKG,2,2015,2015-12-23
1717,12,23,MLB,5,2015,2015-12-23
1718,12,23,MLI,9,2015,2015-12-23
1719,12,23,MLU,9,2015,2015-12-23
1720,12,23,MMH,1,2015,2015-12-23
1721,12,23,MOB,15,2015,2015-12-23
1722,12,23,MOT,3,2015,2015-12-23
1723,12,23,MQT,3,2015,2015-12-23
1724,12,23,MRY,7,2015,2015-12-23
1725,12,23,MSN,23,2015,2015-12-23
1726,12,23,MSO,6,2015,2015-12-23
1727,12,23,MSP,319,2015,2015-12-23
1728,12,23,MSY,121,2015,2015-12-23
1729,12,23,MTJ,5,2015,2015-12-23
1730,12,23,MYR,9,2015,2015-12-23
1731,12,23,OAJ,4,2015,2015-12-23
1732,12,23,OAK,141,2015,2015-12-23
1733,12,23,OGG,67,2015,2015-12-23
1734,12,23,OKC,50,2015,2015-12-23
1735,12,23,OMA,60,2015,2015-12-23
1736,12,23,OME,2,2015,2015-12-23
1737,12,23,ONT,54,2015,2015-12-23
1738,12,23,ORD,866,2015,2015-12-23
1739,12,23,ORF,34,2015,2015-12-23
1740,12,23,ORH,2,2015,2015-12-23
1741,12,23,OTH,1,2015,2015-12-23
1742,12,23,OTZ,2,2015,2015-12-23
1743,12,23,PAH,2,2015,2015-12-23
1744,12,23,PBG,1,2015,2015-12-23
1745,12,23,PBI,98,2015,2015-12-23
1746,12,23,PDX,159,2015,2015-12-23
1747,12,23,PHF,3,2015,2015-12-23
1748,12,23,PHL,204,2015,2015-12-23
1749,12,23,PHX,474,2015,2015-12-23
1750,12,23,PIA,14,2015,2015-12-23
1751,12,23,PIB,2,2015,2015-12-23
1752,12,23,PIH,2,2015,2015-12-23
1753,12,23,PIT,72,2015,2015-12-23
1754,12,23,PLN,2,2015,2015-12-23
1755,12,23,PNS,18,2015,2015-12-23
1756,12,23,PPG,1,2015,2015-12-23
1757,12,23,PSC,10,2015,2015-12-23
1758,12,23,PSE,3,2015,2015-12-23
1759,12,23,PSG,2,2015,2015-12-23
1760,12,23,PSP,31,2015,2015-12-23
1761,12,23,PVD,39,2015,2015-12-23
1762,12,23,PWM,16,2015,2015-12-23
1763,12,23,RAP,10,2015,2015-12-23
1764,12,23,RDD,2,2015,2015-12-23
1765,12,23,RDM,7,2015,2015-12-23
1766,12,23,RDU,96,2015,2015-12-23
1767,12,23,RHI,3,2015,2015-12-23
1768,12,23,RIC,44,2015,2015-12-23
1769,12,23,RKS,2,2015,2015-12-23
1770,12,23,RNO,41,2015,2015-12-23
1771,12,23,ROA,6,2015,2015-12-23
1772,12,23,ROC,21,2015,2015-12-23
1773,12,23,ROW,3,2015,2015-12-23
1774,12,23,RST,4,2015,2015-12-23
1775,12,23,RSW,115,2015,2015-12-23
1776,12,23,SAF,3,2015,2015-12-23
1777,12,23,SAN,227,2015,2015-12-23
1778,12,23,SAT,89,2015,2015-12-23
1779,12,23,SAV,18,2015,2015-12-23
1780,12,23,SBA,14,2015,2015-12-23
1781,12,23,SBN,13,2015,2015-12-23
1782,12,23,SBP,7,2015,2015-12-23
1783,12,23,SCC,2,2015,2015-12-23
1784,12,23,SCE,3,2015,2015-12-23
1785,12,23,SDF,34,2015,2015-12-23
1786,12,23,SEA,368,2015,2015-12-23
1787,12,23,SFO,489,2015,2015-12-23
1788,12,23,SGF,19,2015,2015-12-23
1789,12,23,SGU,6,2015,2015-12-23
1790,12,23,SHV,19,2015,2015-12-23
1791,12,23,SIT,3,2015,2015-12-23
1792,12,23,SJC,118,2015,2015-12-23
1793,12,23,SJT,5,2015,2015-12-23
1794,12,23,SJU,93,2015,2015-12-23
1795,12,23,SLC,311,2015,2015-12-23
1796,12,23,SMF,110,2015,2015-12-23
1797,12,23,SMX,2,2015,2015-12-23
1798,12,23,SNA,127,2015,2015-12-23
1799,12,23,SPI,5,2015,2015-12-23
1800,12,23,SPS,3,2015,2015-12-23
1801,12,23,SRQ,14,2015,2015-12-23
1802,12,23,STL,150,2015,2015-12-23
1803,12,23,STT,16,2015,2015-12-23
1804,12,23,STX,4,2015,2015-12-23
1805,12,23,SUN,5,2015,2015-12-23
1806,12,23,SUX,2,2015,2015-12-23
1807,12,23,SWF,2,2015,2015-12-23
1808,12,23,SYR,20,2015,2015-12-23
1809,12,23,TLH,8,2015,2015-12-23
1810,12,23,TOL,3,2015,2015-12-23
1811,12,23,TPA,221,2015,2015-12-23
1812,12,23,TRI,5,2015,2015-12-23
1813,12,23,TTN,9,2015,2015-12-23
1814,12,23,TUL,40,2015,2015-12-23
1815,12,23,TUS,52,2015,2015-12-23
1816,12,23,TVC,7,2015,2015-12-23
1817,12,23,TWF,3,2015,2015-12-23
1818,12,23,TXK,3,2015,2015-12-23
1819,12,23,TYR,5,2015,2015-12-23
1820,12,23,TYS,18,2015,2015-12-23
1821,12,23,UST,1,2015,2015-12-23
1822,12,23,VLD,3,2015,2015-12-23
1823,12,23,VPS,15,2015,2015-12-23
1824,12,23,WRG,2,2015,2015-12-23
1825,12,23,XNA,26,2015,2015-12-23
1826,12,23,YAK,2,2015,2015-12-23
1827,12,23,YUM,6,2015,2015-12-23
1828,12,24,ABE,2,2015,2015-12-24
1829,12,24,ABI,7,2015,2015-12-24
1830,12,24,ABQ,48,2015,2015-12-24
1831,12,24,ABR,2,2015,2015-12-24
1832,12,24,ABY,1,2015,2015-12-24
1833,12,24,ACT,5,2015,2015-12-24
1834,12,24,ACV,3,2015,2015-12-24
1835,12,24,ACY,10,2015,2015-12-24
1836,12,24,ADK,1,2015,2015-12-24
1837,12,24,ADQ,1,2015,2015-12-24
1838,12,24,AEX,7,2015,2015-12-24
1839,12,24,AGS,6,2015,2015-12-24
1840,12,24,ALB,19,2015,2015-12-24
1841,12,24,ALO,2,2015,2015-12-24
1842,12,24,AMA,8,2015,2015-12-24
1843,12,24,ANC,41,2015,2015-12-24
1844,12,24,APN,2,2015,2015-12-24
1845,12,24,ASE,21,2015,2015-12-24
1846,12,24,ATL,803,2015,2015-12-24
1847,12,24,ATW,5,2015,2015-12-24
1848,12,24,AUS,113,2015,2015-12-24
1849,12,24,AVL,6,2015,2015-12-24
1850,12,24,AVP,2,2015,2015-12-24
1851,12,24,AZO,5,2015,2015-12-24
1852,12,24,BDL,50,2015,2015-12-24
1853,12,24,BET,2,2015,2015-12-24
1854,12,24,BFL,5,2015,2015-12-24
1855,12,24,BGM,1,2015,2015-12-24
1856,12,24,BGR,3,2015,2015-12-24
1857,12,24,BHM,28,2015,2015-12-24
1858,12,24,BIL,10,2015,2015-12-24
1859,12,24,BIS,9,2015,2015-12-24
1860,12,24,BJI,2,2015,2015-12-24
1861,12,24,BLI,3,2015,2015-12-24
1862,12,24,BMI,7,2015,2015-12-24
1863,12,24,BNA,106,2015,2015-12-24
1864,12,24,BOI,33,2015,2015-12-24
1865,12,24,BOS,238,2015,2015-12-24
1866,12,24,BPT,2,2015,2015-12-24
1867,12,24,BQK,1,2015,2015-12-24
1868,12,24,BQN,5,2015,2015-12-24
1869,12,24,BRD,2,2015,2015-12-24
1870,12,24,BRO,6,2015,2015-12-24
1871,12,24,BRW,2,2015,2015-12-24
1872,12,24,BTM,2,2015,2015-12-24
1873,12,24,BTR,15,2015,2015-12-24
1874,12,24,BTV,10,2015,2015-12-24
1875,12,24,BUF,43,2015,2015-12-24
1876,12,24,BUR,47,2015,2015-12-24
1877,12,24,BWI,219,2015,2015-12-24
1878,12,24,BZN,14,2015,2015-12-24
1879,12,24,CAE,10,2015,2015-12-24
1880,12,24,CAK,12,2015,2015-12-24
1881,12,24,CDC,2,2015,2015-12-24
1882,12,24,CDV,2,2015,2015-12-24
1883,12,24,CHA,8,2015,2015-12-24
1884,12,24,CHO,5,2015,2015-12-24
1885,12,24,CHS,26,2015,2015-12-24
1886,12,24,CID,14,2015,2015-12-24
1887,12,24,CIU,2,2015,2015-12-24
1888,12,24,CLE,72,2015,2015-12-24
1889,12,24,CLL,5,2015,2015-12-24
1890,12,24,CLT,267,2015,2015-12-24
1891,12,24,CMH,52,2015,2015-12-24
1892,12,24,CMI,7,2015,2015-12-24
1893,12,24,CMX,2,2015,2015-12-24
1894,12,24,COD,1,2015,2015-12-24
1895,12,24,COS,18,2015,2015-12-24
1896,12,24,COU,4,2015,2015-12-24
1897,12,24,CPR,2,2015,2015-12-24
1898,12,24,CRP,10,2015,2015-12-24
1899,12,24,CRW,4,2015,2015-12-24
1900,12,24,CSG,1,2015,2015-12-24
1901,12,24,CVG,36,2015,2015-12-24
1902,12,24,CWA,3,2015,2015-12-24
1903,12,24,DAB,4,2015,2015-12-24
1904,12,24,DAL,165,2015,2015-12-24
1905,12,24,DAY,18,2015,2015-12-24
1906,12,24,DBQ,3,2015,2015-12-24
1907,12,24,DCA,159,2015,2015-12-24
1908,12,24,DEN,486,2015,2015-12-24
1909,12,24,DFW,615,2015,2015-12-24
1910,12,24,DHN,3,2015,2015-12-24
1911,12,24,DLH,5,2015,2015-12-24
1912,12,24,DRO,5,2015,2015-12-24
1913,12,24,DSM,19,2015,2015-12-24
1914,12,24,DTW,197,2015,2015-12-24
1915,12,24,DVL,2,2015,2015-12-24
1916,12,24,EAU,2,2015,2015-12-24
1917,12,24,ECP,7,2015,2015-12-24
1918,12,24,EGE,11,2015,2015-12-24
1919,12,24,EKO,1,2015,2015-12-24
1920,12,24,ELM,4,2015,2015-12-24
1921,12,24,ELP,28,2015,2015-12-24
1922,12,24,ERI,1,2015,2015-12-24
1923,12,24,ESC,2,2015,2015-12-24
1924,12,24,EUG,7,2015,2015-12-24
1925,12,24,EVV,7,2015,2015-12-24
1926,12,24,EWN,2,2015,2015-12-24
1927,12,24,EWR,235,2015,2015-12-24
1928,12,24,EYW,4,2015,2015-12-24
1929,12,24,FAI,6,2015,2015-12-24
1930,12,24,FAR,15,2015,2015-12-24
1931,12,24,FAT,15,2015,2015-12-24
1932,12,24,FAY,3,2015,2015-12-24
1933,12,24,FCA,3,2015,2015-12-24
1934,12,24,FLG,5,2015,2015-12-24
1935,12,24,FLL,242,2015,2015-12-24
1936,12,24,FNT,12,2015,2015-12-24
1937,12,24,FSD,10,2015,2015-12-24
1938,12,24,FSM,5,2015,2015-12-24
1939,12,24,FWA,13,2015,2015-12-24
1940,12,24,GCC,3,2015,2015-12-24
1941,12,24,GCK,2,2015,2015-12-24
1942,12,24,GEG,23,2015,2015-12-24
1943,12,24,GFK,2,2015,2015-12-24
1944,12,24,GGG,2,2015,2015-12-24
1945,12,24,GJT,9,2015,2015-12-24
1946,12,24,GNV,7,2015,2015-12-24
1947,12,24,GPT,7,2015,2015-12-24
1948,12,24,GRB,8,2015,2015-12-24
1949,12,24,GRI,2,2015,2015-12-24
1950,12,24,GRK,10,2015,2015-12-24
1951,12,24,GRR,24,2015,2015-12-24
1952,12,24,GSO,8,2015,2015-12-24
1953,12,24,GSP,14,2015,2015-12-24
1954,12,24,GTF,4,2015,2015-12-24
1955,12,24,GTR,2,2015,2015-12-24
1956,12,24,GUC,2,2015,2015-12-24
1957,12,24,GUM,1,2015,2015-12-24
1958,12,24,HDN,6,2015,2015-12-24
1959,12,24,HIB,3,2015,2015-12-24
1960,12,24,HLN,3,2015,2015-12-24
1961,12,24,HNL,132,2015,2015-12-24
1962,12,24,HOB,2,2015,2015-12-24
1963,12,24,HOU,126,2015,2015-12-24
1964,12,24,HPN,16,2015,2015-12-24
1965,12,24,HRL,6,2015,2015-12-24
1966,12,24,HSV,8,2015,2015-12-24
1967,12,24,HYS,2,2015,2015-12-24
1968,12,24,IAD,70,2015,2015-12-24
1969,12,24,IAG,1,2015,2015-12-24
1970,12,24,IAH,342,2015,2015-12-24
1971,12,24,ICT,20,2015,2015-12-24
1972,12,24,IDA,5,2015,2015-12-24
1973,12,24,ILM,5,2015,2015-12-24
1974,12,24,IMT,2,2015,2015-12-24
1975,12,24,IND,68,2015,2015-12-24
1976,12,24,INL,2,2015,2015-12-24
1977,12,24,ISN,5,2015,2015-12-24
1978,12,24,ISP,12,2015,2015-12-24
1979,12,24,ITH,1,2015,2015-12-24
1980,12,24,ITO,17,2015,2015-12-24
1981,12,24,JAC,16,2015,2015-12-24
1982,12,24,JAN,16,2015,2015-12-24
1983,12,24,JAX,48,2015,2015-12-24
1984,12,24,JFK,254,2015,2015-12-24
1985,12,24,JLN,2,2015,2015-12-24
1986,12,24,JMS,3,2015,2015-12-24
1987,12,24,JNU,8,2015,2015-12-24
1988,12,24,KOA,32,2015,2015-12-24
1989,12,24,KTN,6,2015,2015-12-24
1990,12,24,LAN,4,2015,2015-12-24
1991,12,24,LAR,2,2015,2015-12-24
1992,12,24,LAS,355,2015,2015-12-24
1993,12,24,LAW,4,2015,2015-12-24
1994,12,24,LAX,484,2015,2015-12-24
1995,12,24,LBB,10,2015,2015-12-24
1996,12,24,LBE,3,2015,2015-12-24
1997,12,24,LCH,4,2015,2015-12-24
1998,12,24,LEX,11,2015,2015-12-24
1999,12,24,LFT,9,2015,2015-12-24
2000,12,24,LGA,209,2015,2015-12-24
2001,12,24,LGB,23,2015,2015-12-24
2002,12,24,LIH,32,2015,2015-12-24
2003,12,24,LIT,27,2015,2015-12-24
2004,12,24,LNK,4,2015,2015-12-24
2005,12,24,LRD,4,2015,2015-12-24
2006,12,24,LSE,5,2015,2015-12-24
2007,12,24,LWS,2,2015,2015-12-24
2008,12,24,MAF,13,2015,2015-12-24
2009,12,24,MBS,4,2015,2015-12-24
2010,12,24,MCI,91,2015,2015-12-24
2011,12,24,MCO,323,2015,2015-12-24
2012,12,24,MDT,7,2015,2015-12-24
2013,12,24,MDW,195,2015,2015-12-24
2014,12,24,MEI,3,2015,2015-12-24
2015,12,24,MEM,31,2015,2015-12-24
2016,12,24,MFE,6,2015,2015-12-24
2017,12,24,MFR,7,2015,2015-12-24
2018,12,24,MGM,6,2015,2015-12-24
2019,12,24,MHK,5,2015,2015-12-24
2020,12,24,MHT,13,2015,2015-12-24
2021,12,24,MIA,213,2015,2015-12-24
2022,12,24,MKE,70,2015,2015-12-24
2023,12,24,MKG,2,2015,2015-12-24
2024,12,24,MLB,4,2015,2015-12-24
2025,12,24,MLI,7,2015,2015-12-24
2026,12,24,MLU,6,2015,2015-12-24
2027,12,24,MMH,1,2015,2015-12-24
2028,12,24,MOB,10,2015,2015-12-24
2029,12,24,MOT,3,2015,2015-12-24
2030,12,24,MQT,2,2015,2015-12-24
2031,12,24,MRY,6,2015,2015-12-24
2032,12,24,MSN,18,2015,2015-12-24
2033,12,24,MSO,6,2015,2015-12-24
2034,12,24,MSP,241,2015,2015-12-24
2035,12,24,MSY,92,2015,2015-12-24
2036,12,24,MTJ,6,2015,2015-12-24
2037,12,24,MYR,9,2015,2015-12-24
2038,12,24,OAJ,3,2015,2015-12-24
2039,12,24,OAK,114,2015,2015-12-24
2040,12,24,OGG,64,2015,2015-12-24
2041,12,24,OKC,44,2015,2015-12-24
2042,12,24,OMA,41,2015,2015-12-24
2043,12,24,OME,2,2015,2015-12-24
2044,12,24,ONT,42,2015,2015-12-24
2045,12,24,ORD,744,2015,2015-12-24
2046,12,24,ORF,20,2015,2015-12-24
2047,12,24,ORH,2,2015,2015-12-24
2048,12,24,OTH,1,2015,2015-12-24
2049,12,24,OTZ,2,2015,2015-12-24
2050,12,24,PAH,2,2015,2015-12-24
2051,12,24,PBG,1,2015,2015-12-24
2052,12,24,PBI,84,2015,2015-12-24
2053,12,24,PDX,135,2015,2015-12-24
2054,12,24,PHF,3,2015,2015-12-24
2055,12,24,PHL,164,2015,2015-12-24
2056,12,24,PHX,417,2015,2015-12-24
2057,12,24,PIA,11,2015,2015-12-24
2058,12,24,PIB,2,2015,2015-12-24
2059,12,24,PIH,2,2015,2015-12-24
2060,12,24,PIT,57,2015,2015-12-24
2061,12,24,PLN,2,2015,2015-12-24
2062,12,24,PNS,14,2015,2015-12-24
2063,12,24,PSC,8,2015,2015-12-24
2064,12,24,PSE,3,2015,2015-12-24
2065,12,24,PSG,2,2015,2015-12-24
2066,12,24,PSP,27,2015,2015-12-24
2067,12,24,PVD,27,2015,2015-12-24
2068,12,24,PWM,11,2015,2015-12-24
2069,12,24,RAP,9,2015,2015-12-24
2070,12,24,RDD,2,2015,2015-12-24
2071,12,24,RDM,7,2015,2015-12-24
2072,12,24,RDU,74,2015,2015-12-24
2073,12,24,RHI,3,2015,2015-12-24
2074,12,24,RIC,35,2015,2015-12-24
2075,12,24,RKS,2,2015,2015-12-24
2076,12,24,RNO,32,2015,2015-12-24
2077,12,24,ROA,4,2015,2015-12-24
2078,12,24,ROC,21,2015,2015-12-24
2079,12,24,ROW,3,2015,2015-12-24
2080,12,24,RST,4,2015,2015-12-24
2081,12,24,RSW,102,2015,2015-12-24
2082,12,24,SAF,3,2015,2015-12-24
2083,12,24,SAN,184,2015,2015-12-24
2084,12,24,SAT,71,2015,2015-12-24
2085,12,24,SAV,17,2015,2015-12-24
2086,12,24,SBA,10,2015,2015-12-24
2087,12,24,SBN,8,2015,2015-12-24
2088,12,24,SBP,5,2015,2015-12-24
2089,12,24,SCC,2,2015,2015-12-24
2090,12,24,SCE,2,2015,2015-12-24
2091,12,24,SDF,20,2015,2015-12-24
2092,12,24,SEA,315,2015,2015-12-24
2093,12,24,SFO,362,2015,2015-12-24
2094,12,24,SGF,16,2015,2015-12-24
2095,12,24,SGU,5,2015,2015-12-24
2096,12,24,SHV,16,2015,2015-12-24
2097,12,24,SIT,2,2015,2015-12-24
2098,12,24,SJC,81,2015,2015-12-24
2099,12,24,SJT,5,2015,2015-12-24
2100,12,24,SJU,89,2015,2015-12-24
2101,12,24,SLC,236,2015,2015-12-24
2102,12,24,SMF,86,2015,2015-12-24
2103,12,24,SMX,2,2015,2015-12-24
2104,12,24,SNA,96,2015,2015-12-24
2105,12,24,SPI,4,2015,2015-12-24
2106,12,24,SPS,3,2015,2015-12-24
2107,12,24,SRQ,12,2015,2015-12-24
2108,12,24,STL,111,2015,2015-12-24
2109,12,24,STT,16,2015,2015-12-24
2110,12,24,STX,3,2015,2015-12-24
2111,12,24,SUN,4,2015,2015-12-24
2112,12,24,SUX,2,2015,2015-12-24
2113,12,24,SWF,4,2015,2015-12-24
2114,12,24,SYR,16,2015,2015-12-24
2115,12,24,TLH,6,2015,2015-12-24
2116,12,24,TOL,3,2015,2015-12-24
2117,12,24,TPA,178,2015,2015-12-24
2118,12,24,TRI,4,2015,2015-12-24
2119,12,24,TTN,8,2015,2015-12-24
2120,12,24,TUL,32,2015,2015-12-24
2121,12,24,TUS,44,2015,2015-12-24
2122,12,24,TVC,6,2015,2015-12-24
2123,12,24,TWF,2,2015,2015-12-24
2124,12,24,TXK,3,2015,2015-12-24
2125,12,24,TYR,5,2015,2015-12-24
2126,12,24,TYS,15,2015,2015-12-24
2127,12,24,VLD,2,2015,2015-12-24
2128,12,24,VPS,13,2015,2015-12-24
2129,12,24,WRG,2,2015,2015-12-24
2130,12,24,XNA,18,2015,2015-12-24
2131,12,24,YAK,2,2015,2015-12-24
2132,12,24,YUM,6,2015,2015-12-24
2133,12,25,ABE,2,2015,2015-12-25
2134,12,25,ABI,6,2015,2015-12-25
2135,12,25,ABQ,44,2015,2015-12-25
2136,12,25,ABR,2,2015,2015-12-25
2137,12,25,ABY,1,2015,2015-12-25
2138,12,25,ACT,4,2015,2015-12-25
2139,12,25,ACV,4,2015,2015-12-25
2140,12,25,ACY,10,2015,2015-12-25
2141,12,25,AEX,6,2015,2015-12-25
2142,12,25,AGS,3,2015,2015-12-25
2143,12,25,ALB,21,2015,2015-12-25
2144,12,25,ALO,2,2015,2015-12-25
2145,12,25,AMA,6,2015,2015-12-25
2146,12,25,ANC,27,2015,2015-12-25
2147,12,25,APN,2,2015,2015-12-25
2148,12,25,ASE,21,2015,2015-12-25
2149,12,25,ATL,700,2015,2015-12-25
2150,12,25,ATW,4,2015,2015-12-25
2151,12,25,AUS,98,2015,2015-12-25
2152,12,25,AVL,4,2015,2015-12-25
2153,12,25,AVP,2,2015,2015-12-25
2154,12,25,AZO,5,2015,2015-12-25
2155,12,25,BDL,44,2015,2015-12-25
2156,12,25,BFL,5,2015,2015-12-25
2157,12,25,BGM,1,2015,2015-12-25
2158,12,25,BHM,25,2015,2015-12-25
2159,12,25,BIL,7,2015,2015-12-25
2160,12,25,BIS,6,2015,2015-12-25
2161,12,25,BJI,2,2015,2015-12-25
2162,12,25,BLI,4,2015,2015-12-25
2163,12,25,BMI,6,2015,2015-12-25
2164,12,25,BNA,100,2015,2015-12-25
2165,12,25,BOI,33,2015,2015-12-25
2166,12,25,BOS,225,2015,2015-12-25
2167,12,25,BPT,3,2015,2015-12-25
2168,12,25,BQK,1,2015,2015-12-25
2169,12,25,BQN,6,2015,2015-12-25
2170,12,25,BRD,2,2015,2015-12-25
2171,12,25,BRO,5,2015,2015-12-25
2172,12,25,BRW,1,2015,2015-12-25
2173,12,25,BTM,1,2015,2015-12-25
2174,12,25,BTR,14,2015,2015-12-25
2175,12,25,BTV,6,2015,2015-12-25
2176,12,25,BUF,36,2015,2015-12-25
2177,12,25,BUR,37,2015,2015-12-25
2178,12,25,BWI,221,2015,2015-12-25
2179,12,25,BZN,12,2015,2015-12-25
2180,12,25,CAE,8,2015,2015-12-25
2181,12,25,CAK,10,2015,2015-12-25
2182,12,25,CDC,1,2015,2015-12-25
2183,12,25,CHA,6,2015,2015-12-25
2184,12,25,CHO,3,2015,2015-12-25
2185,12,25,CHS,24,2015,2015-12-25
2186,12,25,CID,11,2015,2015-12-25
2187,12,25,CIU,2,2015,2015-12-25
2188,12,25,CLE,68,2015,2015-12-25
2189,12,25,CLL,4,2015,2015-12-25
2190,12,25,CLT,303,2015,2015-12-25
2191,12,25,CMH,49,2015,2015-12-25
2192,12,25,CMI,7,2015,2015-12-25
2193,12,25,CMX,2,2015,2015-12-25
2194,12,25,COD,1,2015,2015-12-25
2195,12,25,COS,14,2015,2015-12-25
2196,12,25,COU,4,2015,2015-12-25
2197,12,25,CPR,2,2015,2015-12-25
2198,12,25,CRP,8,2015,2015-12-25
2199,12,25,CRW,3,2015,2015-12-25
2200,12,25,CVG,35,2015,2015-12-25
2201,12,25,CWA,3,2015,2015-12-25
2202,12,25,DAB,3,2015,2015-12-25
2203,12,25,DAL,151,2015,2015-12-25
2204,12,25,DAY,15,2015,2015-12-25
2205,12,25,DBQ,3,2015,2015-12-25
2206,12,25,DCA,148,2015,2015-12-25
2207,12,25,DEN,474,2015,2015-12-25
2208,12,25,DFW,640,2015,2015-12-25
2209,12,25,DHN,2,2015,2015-12-25
2210,12,25,DLH,4,2015,2015-12-25
2211,12,25,DRO,5,2015,2015-12-25
2212,12,25,DSM,19,2015,2015-12-25
2213,12,25,DTW,191,2015,2015-12-25
2214,12,25,DVL,2,2015,2015-12-25
2215,12,25,EAU,2,2015,2015-12-25
2216,12,25,ECP,6,2015,2015-12-25
2217,12,25,EGE,10,2015,2015-12-25
2218,12,25,EKO,1,2015,2015-12-25
2219,12,25,ELM,3,2015,2015-12-25
2220,12,25,ELP,27,2015,2015-12-25
2221,12,25,ERI,1,2015,2015-12-25
2222,12,25,ESC,2,2015,2015-12-25
2223,12,25,EUG,7,2015,2015-12-25
2224,12,25,EVV,6,2015,2015-12-25
2225,12,25,EWN,1,2015,2015-12-25
2226,12,25,EWR,223,2015,2015-12-25
2227,12,25,EYW,4,2015,2015-12-25
2228,12,25,FAI,5,2015,2015-12-25
2229,12,25,FAR,14,2015,2015-12-25
2230,12,25,FAT,16,2015,2015-12-25
2231,12,25,FAY,2,2015,2015-12-25
2232,12,25,FCA,4,2015,2015-12-25
2233,12,25,FLG,5,2015,2015-12-25
2234,12,25,FLL,243,2015,2015-12-25
2235,12,25,FNT,11,2015,2015-12-25
2236,12,25,FSD,6,2015,2015-12-25
2237,12,25,FSM,4,2015,2015-12-25
2238,12,25,FWA,12,2015,2015-12-25
2239,12,25,GCC,3,2015,2015-12-25
2240,12,25,GCK,1,2015,2015-12-25
2241,12,25,GEG,21,2015,2015-12-25
2242,12,25,GFK,1,2015,2015-12-25
2243,12,25,GGG,2,2015,2015-12-25
2244,12,25,GJT,9,2015,2015-12-25
2245,12,25,GNV,6,2015,2015-12-25
2246,12,25,GPT,6,2015,2015-12-25
2247,12,25,GRB,7,2015,2015-12-25
2248,12,25,GRI,2,2015,2015-12-25
2249,12,25,GRK,8,2015,2015-12-25
2250,12,25,GRR,21,2015,2015-12-25
2251,12,25,GSO,8,2015,2015-12-25
2252,12,25,GSP,13,2015,2015-12-25
2253,12,25,GTF,3,2015,2015-12-25
2254,12,25,GTR,1,2015,2015-12-25
2255,12,25,GUC,3,2015,2015-12-25
2256,12,25,GUM,1,2015,2015-12-25
2257,12,25,HDN,6,2015,2015-12-25
2258,12,25,HIB,3,2015,2015-12-25
2259,12,25,HLN,3,2015,2015-12-25
2260,12,25,HNL,137,2015,2015-12-25
2261,12,25,HOB,1,2015,2015-12-25
2262,12,25,HOU,120,2015,2015-12-25
2263,12,25,HPN,17,2015,2015-12-25
2264,12,25,HRL,8,2015,2015-12-25
2265,12,25,HSV,10,2015,2015-12-25
2266,12,25,HYS,1,2015,2015-12-25
2267,12,25,IAD,73,2015,2015-12-25
2268,12,25,IAG,1,2015,2015-12-25
2269,12,25,IAH,324,2015,2015-12-25
2270,12,25,ICT,18,2015,2015-12-25
2271,12,25,IDA,4,2015,2015-12-25
2272,12,25,ILM,4,2015,2015-12-25
2273,12,25,IMT,2,2015,2015-12-25
2274,12,25,IND,59,2015,2015-12-25
2275,12,25,INL,2,2015,2015-12-25
2276,12,25,ISN,3,2015,2015-12-25
2277,12,25,ISP,12,2015,2015-12-25
2278,12,25,ITH,1,2015,2015-12-25
2279,12,25,ITO,17,2015,2015-12-25
2280,12,25,JAC,14,2015,2015-12-25
2281,12,25,JAN,17,2015,2015-12-25
2282,12,25,JAX,50,2015,2015-12-25
2283,12,25,JFK,249,2015,2015-12-25
2284,12,25,JLN,2,2015,2015-12-25
2285,12,25,JMS,3,2015,2015-12-25
2286,12,25,JNU,6,2015,2015-12-25
2287,12,25,KOA,34,2015,2015-12-25
2288,12,25,KTN,4,2015,2015-12-25
2289,12,25,LAN,3,2015,2015-12-25
2290,12,25,LAR,1,2015,2015-12-25
2291,12,25,LAS,339,2015,2015-12-25
2292,12,25,LAW,3,2015,2015-12-25
2293,12,25,LAX,479,2015,2015-12-25
2294,12,25,LBB,9,2015,2015-12-25
2295,12,25,LBE,3,2015,2015-12-25
2296,12,25,LCH,4,2015,2015-12-25
2297,12,25,LEX,7,2015,2015-12-25
2298,12,25,LFT,8,2015,2015-12-25
2299,12,25,LGA,196,2015,2015-12-25
2300,12,25,LGB,21,2015,2015-12-25
2301,12,25,LIH,34,2015,2015-12-25
2302,12,25,LIT,22,2015,2015-12-25
2303,12,25,LNK,2,2015,2015-12-25
2304,12,25,LRD,5,2015,2015-12-25
2305,12,25,LSE,4,2015,2015-12-25
2306,12,25,LWS,1,2015,2015-12-25
2307,12,25,MAF,11,2015,2015-12-25
2308,12,25,MBS,4,2015,2015-12-25
2309,12,25,MCI,83,2015,2015-12-25
2310,12,25,MCO,325,2015,2015-12-25
2311,12,25,MDT,4,2015,2015-12-25
2312,12,25,MDW,188,2015,2015-12-25
2313,12,25,MEI,3,2015,2015-12-25
2314,12,25,MEM,27,2015,2015-12-25
2315,12,25,MFE,4,2015,2015-12-25
2316,12,25,MFR,6,2015,2015-12-25
2317,12,25,MGM,6,2015,2015-12-25
2318,12,25,MHK,5,2015,2015-12-25
2319,12,25,MHT,12,2015,2015-12-25
2320,12,25,MIA,212,2015,2015-12-25
2321,12,25,MKE,64,2015,2015-12-25
2322,12,25,MKG,1,2015,2015-12-25
2323,12,25,MLB,3,2015,2015-12-25
2324,12,25,MLI,8,2015,2015-12-25
2325,12,25,MLU,6,2015,2015-12-25
2326,12,25,MMH,1,2015,2015-12-25
2327,12,25,MOB,11,2015,2015-12-25
2328,12,25,MOT,3,2015,2015-12-25
2329,12,25,MQT,2,2015,2015-12-25
2330,12,25,MRY,4,2015,2015-12-25
2331,12,25,MSN,17,2015,2015-12-25
2332,12,25,MSO,5,2015,2015-12-25
2333,12,25,MSP,211,2015,2015-12-25
2334,12,25,MSY,85,2015,2015-12-25
2335,12,25,MTJ,5,2015,2015-12-25
2336,12,25,MYR,9,2015,2015-12-25
2337,12,25,OAJ,2,2015,2015-12-25
2338,12,25,OAK,100,2015,2015-12-25
2339,12,25,OGG,67,2015,2015-12-25
2340,12,25,OKC,37,2015,2015-12-25
2341,12,25,OMA,43,2015,2015-12-25
2342,12,25,ONT,38,2015,2015-12-25
2343,12,25,ORD,659,2015,2015-12-25
2344,12,25,ORF,18,2015,2015-12-25
2345,12,25,ORH,2,2015,2015-12-25
2346,12,25,PAH,1,2015,2015-12-25
2347,12,25,PBG,1,2015,2015-12-25
2348,12,25,PBI,80,2015,2015-12-25
2349,12,25,PDX,135,2015,2015-12-25
2350,12,25,PHF,2,2015,2015-12-25
2351,12,25,PHL,149,2015,2015-12-25
2352,12,25,PHX,393,2015,2015-12-25
2353,12,25,PIA,12,2015,2015-12-25
2354,12,25,PIB,2,2015,2015-12-25
2355,12,25,PIH,1,2015,2015-12-25
2356,12,25,PIT,53,2015,2015-12-25
2357,12,25,PLN,2,2015,2015-12-25
2358,12,25,PNS,15,2015,2015-12-25
2359,12,25,PPG,1,2015,2015-12-25
2360,12,25,PSC,9,2015,2015-12-25
2361,12,25,PSE,3,2015,2015-12-25
2362,12,25,PSP,28,2015,2015-12-25
2363,12,25,PVD,29,2015,2015-12-25
2364,12,25,PWM,10,2015,2015-12-25
2365,12,25,RAP,7,2015,2015-12-25
2366,12,25,RDD,1,2015,2015-12-25
2367,12,25,RDM,6,2015,2015-12-25
2368,12,25,RDU,77,2015,2015-12-25
2369,12,25,RHI,3,2015,2015-12-25
2370,12,25,RIC,33,2015,2015-12-25
2371,12,25,RKS,1,2015,2015-12-25
2372,12,25,RNO,28,2015,2015-12-25
2373,12,25,ROA,4,2015,2015-12-25
2374,12,25,ROC,20,2015,2015-12-25
2375,12,25,ROW,2,2015,2015-12-25
2376,12,25,RST,3,2015,2015-12-25
2377,12,25,RSW,103,2015,2015-12-25
2378,12,25,SAF,2,2015,2015-12-25
2379,12,25,SAN,174,2015,2015-12-25
2380,12,25,SAT,64,2015,2015-12-25
2381,12,25,SAV,13,2015,2015-12-25
2382,12,25,SBA,10,2015,2015-12-25
2383,12,25,SBN,7,2015,2015-12-25
2384,12,25,SBP,7,2015,2015-12-25
2385,12,25,SCC,1,2015,2015-12-25
2386,12,25,SCE,2,2015,2015-12-25
2387,12,25,SDF,18,2015,2015-12-25
2388,12,25,SEA,299,2015,2015-12-25
2389,12,25,SFO,378,2015,2015-12-25
2390,12,25,SGF,16,2015,2015-12-25
2391,12,25,SGU,3,2015,2015-12-25
2392,12,25,SHV,12,2015,2015-12-25
2393,12,25,SIT,2,2015,2015-12-25
2394,12,25,SJC,80,2015,2015-12-25
2395,12,25,SJT,4,2015,2015-12-25
2396,12,25,SJU,92,2015,2015-12-25
2397,12,25,SLC,202,2015,2015-12-25
2398,12,25,SMF,78,2015,2015-12-25
2399,12,25,SMX,1,2015,2015-12-25
2400,12,25,SNA,93,2015,2015-12-25
2401,12,25,SPI,4,2015,2015-12-25
2402,12,25,SPS,2,2015,2015-12-25
2403,12,25,SRQ,12,2015,2015-12-25
2404,12,25,STL,103,2015,2015-12-25
2405,12,25,STT,19,2015,2015-12-25
2406,12,25,STX,3,2015,2015-12-25
2407,12,25,SUN,4,2015,2015-12-25
2408,12,25,SUX,2,2015,2015-12-25
2409,12,25,SWF,2,2015,2015-12-25
2410,12,25,SYR,14,2015,2015-12-25
2411,12,25,TLH,5,2015,2015-12-25
2412,12,25,TOL,2,2015,2015-12-25
2413,12,25,TPA,179,2015,2015-12-25
2414,12,25,TRI,4,2015,2015-12-25
2415,12,25,TTN,8,2015,2015-12-25
2416,12,25,TUL,26,2015,2015-12-25
2417,12,25,TUS,42,2015,2015-12-25
2418,12,25,TVC,4,2015,2015-12-25
2419,12,25,TWF,2,2015,2015-12-25
2420,12,25,TXK,2,2015,2015-12-25
2421,12,25,TYR,4,2015,2015-12-25
2422,12,25,TYS,14,2015,2015-12-25
2423,12,25,UST,1,2015,2015-12-25
2424,12,25,VLD,1,2015,2015-12-25
2425,12,25,VPS,12,2015,2015-12-25
2426,12,25,XNA,14,2015,2015-12-25
2427,12,25,YUM,6,2015,2015-12-25
2428,12,26,ABE,3,2015,2015-12-26
2429,12,26,ABI,6,2015,2015-12-26
2430,12,26,ABQ,57,2015,2015-12-26
2431,12,26,ABR,2,2015,2015-12-26
2432,12,26,ABY,2,2015,2015-12-26
2433,12,26,ACT,5,2015,2015-12-26
2434,12,26,ACV,5,2015,2015-12-26
2435,12,26,ACY,10,2015,2015-12-26
2436,12,26,ADQ,1,2015,2015-12-26
2437,12,26,AEX,9,2015,2015-12-26
2438,12,26,AGS,6,2015,2015-12-26
2439,12,26,ALB,23,2015,2015-12-26
2440,12,26,ALO,1,2015,2015-12-26
2441,12,26,AMA,10,2015,2015-12-26
2442,12,26,ANC,44,2015,2015-12-26
2443,12,26,APN,1,2015,2015-12-26
2444,12,26,ASE,27,2015,2015-12-26
2445,12,26,ATL,969,2015,2015-12-26
2446,12,26,ATW,8,2015,2015-12-26
2447,12,26,AUS,121,2015,2015-12-26
2448,12,26,AVL,6,2015,2015-12-26
2449,12,26,AVP,4,2015,2015-12-26
2450,12,26,AZO,4,2015,2015-12-26
2451,12,26,BDL,52,2015,2015-12-26
2452,12,26,BET,2,2015,2015-12-26
2453,12,26,BFL,6,2015,2015-12-26
2454,12,26,BGM,1,2015,2015-12-26
2455,12,26,BHM,34,2015,2015-12-26
2456,12,26,BIL,10,2015,2015-12-26
2457,12,26,BIS,12,2015,2015-12-26
2458,12,26,BJI,2,2015,2015-12-26
2459,12,26,BLI,3,2015,2015-12-26
2460,12,26,BMI,8,2015,2015-12-26
2461,12,26,BNA,130,2015,2015-12-26
2462,12,26,BOI,39,2015,2015-12-26
2463,12,26,BOS,253,2015,2015-12-26
2464,12,26,BPT,3,2015,2015-12-26
2465,12,26,BQK,2,2015,2015-12-26
2466,12,26,BQN,5,2015,2015-12-26
2467,12,26,BRD,1,2015,2015-12-26
2468,12,26,BRO,6,2015,2015-12-26
2469,12,26,BRW,3,2015,2015-12-26
2470,12,26,BTM,2,2015,2015-12-26
2471,12,26,BTR,19,2015,2015-12-26
2472,12,26,BTV,12,2015,2015-12-26
2473,12,26,BUF,44,2015,2015-12-26
2474,12,26,BUR,52,2015,2015-12-26
2475,12,26,BWI,265,2015,2015-12-26
2476,12,26,BZN,19,2015,2015-12-26
2477,12,26,CAE,11,2015,2015-12-26
2478,12,26,CAK,16,2015,2015-12-26
2479,12,26,CDC,1,2015,2015-12-26
2480,12,26,CDV,2,2015,2015-12-26
2481,12,26,CHA,10,2015,2015-12-26
2482,12,26,CHO,6,2015,2015-12-26
2483,12,26,CHS,35,2015,2015-12-26
2484,12,26,CID,15,2015,2015-12-26
2485,12,26,CIU,2,2015,2015-12-26
2486,12,26,CLE,82,2015,2015-12-26
2487,12,26,CLL,5,2015,2015-12-26
2488,12,26,CLT,263,2015,2015-12-26
2489,12,26,CMH,63,2015,2015-12-26
2490,12,26,CMI,5,2015,2015-12-26
2491,12,26,CMX,2,2015,2015-12-26
2492,12,26,COD,1,2015,2015-12-26
2493,12,26,COS,19,2015,2015-12-26
2494,12,26,COU,4,2015,2015-12-26
2495,12,26,CPR,4,2015,2015-12-26
2496,12,26,CRP,13,2015,2015-12-26
2497,12,26,CRW,6,2015,2015-12-26
2498,12,26,CSG,2,2015,2015-12-26
2499,12,26,CVG,53,2015,2015-12-26
2500,12,26,CWA,3,2015,2015-12-26
2501,12,26,DAB,5,2015,2015-12-26
2502,12,26,DAL,177,2015,2015-12-26
2503,12,26,DAY,21,2015,2015-12-26
2504,12,26,DBQ,2,2015,2015-12-26
2505,12,26,DCA,175,2015,2015-12-26
2506,12,26,DEN,597,2015,2015-12-26
2507,12,26,DFW,653,2015,2015-12-26
2508,12,26,DHN,3,2015,2015-12-26
2509,12,26,DLH,5,2015,2015-12-26
2510,12,26,DRO,7,2015,2015-12-26
2511,12,26,DSM,25,2015,2015-12-26
2512,12,26,DTW,292,2015,2015-12-26
2513,12,26,DVL,1,2015,2015-12-26
2514,12,26,EAU,2,2015,2015-12-26
2515,12,26,ECP,12,2015,2015-12-26
2516,12,26,EGE,15,2015,2015-12-26
2517,12,26,EKO,1,2015,2015-12-26
2518,12,26,ELM,4,2015,2015-12-26
2519,12,26,ELP,33,2015,2015-12-26
2520,12,26,ERI,2,2015,2015-12-26
2521,12,26,ESC,1,2015,2015-12-26
2522,12,26,EUG,10,2015,2015-12-26
2523,12,26,EVV,8,2015,2015-12-26
2524,12,26,EWN,1,2015,2015-12-26
2525,12,26,EWR,271,2015,2015-12-26
2526,12,26,EYW,7,2015,2015-12-26
2527,12,26,FAI,6,2015,2015-12-26
2528,12,26,FAR,20,2015,2015-12-26
2529,12,26,FAT,19,2015,2015-12-26
2530,12,26,FAY,4,2015,2015-12-26
2531,12,26,FCA,7,2015,2015-12-26
2532,12,26,FLG,6,2015,2015-12-26
2533,12,26,FLL,277,2015,2015-12-26
2534,12,26,FNT,14,2015,2015-12-26
2535,12,26,FSD,8,2015,2015-12-26
2536,12,26,FSM,5,2015,2015-12-26
2537,12,26,FWA,13,2015,2015-12-26
2538,12,26,GCC,2,2015,2015-12-26
2539,12,26,GCK,2,2015,2015-12-26
2540,12,26,GEG,25,2015,2015-12-26
2541,12,26,GFK,4,2015,2015-12-26
2542,12,26,GGG,2,2015,2015-12-26
2543,12,26,GJT,13,2015,2015-12-26
2544,12,26,GNV,6,2015,2015-12-26
2545,12,26,GPT,9,2015,2015-12-26
2546,12,26,GRB,9,2015,2015-12-26
2547,12,26,GRI,2,2015,2015-12-26
2548,12,26,GRK,11,2015,2015-12-26
2549,12,26,GRR,25,2015,2015-12-26
2550,12,26,GSO,13,2015,2015-12-26
2551,12,26,GSP,18,2015,2015-12-26
2552,12,26,GTF,6,2015,2015-12-26
2553,12,26,GTR,2,2015,2015-12-26
2554,12,26,GUC,5,2015,2015-12-26
2555,12,26,GUM,1,2015,2015-12-26
2556,12,26,HDN,12,2015,2015-12-26
2557,12,26,HIB,2,2015,2015-12-26
2558,12,26,HLN,4,2015,2015-12-26
2559,12,26,HNL,136,2015,2015-12-26
2560,12,26,HOB,1,2015,2015-12-26
2561,12,26,HOU,157,2015,2015-12-26
2562,12,26,HPN,19,2015,2015-12-26
2563,12,26,HRL,8,2015,2015-12-26
2564,12,26,HSV,10,2015,2015-12-26
2565,12,26,HYS,1,2015,2015-12-26
2566,12,26,IAD,87,2015,2015-12-26
2567,12,26,IAG,1,2015,2015-12-26
2568,12,26,IAH,393,2015,2015-12-26
2569,12,26,ICT,23,2015,2015-12-26
2570,12,26,IDA,7,2015,2015-12-26
2571,12,26,ILM,5,2015,2015-12-26
2572,12,26,IMT,2,2015,2015-12-26
2573,12,26,IND,70,2015,2015-12-26
2574,12,26,INL,2,2015,2015-12-26
2575,12,26,ISN,5,2015,2015-12-26
2576,12,26,ISP,16,2015,2015-12-26
2577,12,26,ITH,2,2015,2015-12-26
2578,12,26,ITO,15,2015,2015-12-26
2579,12,26,JAC,22,2015,2015-12-26
2580,12,26,JAN,16,2015,2015-12-26
2581,12,26,JAX,56,2015,2015-12-26
2582,12,26,JFK,268,2015,2015-12-26
2583,12,26,JLN,2,2015,2015-12-26
2584,12,26,JMS,1,2015,2015-12-26
2585,12,26,JNU,10,2015,2015-12-26
2586,12,26,KOA,37,2015,2015-12-26
2587,12,26,KTN,6,2015,2015-12-26
2588,12,26,LAN,5,2015,2015-12-26
2589,12,26,LAR,1,2015,2015-12-26
2590,12,26,LAS,385,2015,2015-12-26
2591,12,26,LAW,4,2015,2015-12-26
2592,12,26,LAX,566,2015,2015-12-26
2593,12,26,LBB,14,2015,2015-12-26
2594,12,26,LBE,3,2015,2015-12-26
2595,12,26,LCH,5,2015,2015-12-26
2596,12,26,LEX,11,2015,2015-12-26
2597,12,26,LFT,12,2015,2015-12-26
2598,12,26,LGA,228,2015,2015-12-26
2599,12,26,LGB,26,2015,2015-12-26
2600,12,26,LIH,37,2015,2015-12-26
2601,12,26,LIT,28,2015,2015-12-26
2602,12,26,LNK,6,2015,2015-12-26
2603,12,26,LRD,5,2015,2015-12-26
2604,12,26,LSE,5,2015,2015-12-26
2605,12,26,LWS,2,2015,2015-12-26
2606,12,26,MAF,14,2015,2015-12-26
2607,12,26,MBS,4,2015,2015-12-26
2608,12,26,MCI,107,2015,2015-12-26
2609,12,26,MCO,388,2015,2015-12-26
2610,12,26,MDT,8,2015,2015-12-26
2611,12,26,MDW,247,2015,2015-12-26
2612,12,26,MEI,2,2015,2015-12-26
2613,12,26,MEM,36,2015,2015-12-26
2614,12,26,MFE,5,2015,2015-12-26
2615,12,26,MFR,7,2015,2015-12-26
2616,12,26,MGM,7,2015,2015-12-26
2617,12,26,MHK,5,2015,2015-12-26
2618,12,26,MHT,15,2015,2015-12-26
2619,12,26,MIA,219,2015,2015-12-26
2620,12,26,MKE,73,2015,2015-12-26
2621,12,26,MKG,2,2015,2015-12-26
2622,12,26,MLB,5,2015,2015-12-26
2623,12,26,MLI,7,2015,2015-12-26
2624,12,26,MLU,8,2015,2015-12-26
2625,12,26,MMH,2,2015,2015-12-26
2626,12,26,MOB,14,2015,2015-12-26
2627,12,26,MOT,4,2015,2015-12-26
2628,12,26,MQT,2,2015,2015-12-26
2629,12,26,MRY,7,2015,2015-12-26
2630,12,26,MSN,24,2015,2015-12-26
2631,12,26,MSO,6,2015,2015-12-26
2632,12,26,MSP,306,2015,2015-12-26
2633,12,26,MSY,109,2015,2015-12-26
2634,12,26,MTJ,11,2015,2015-12-26
2635,12,26,MYR,9,2015,2015-12-26
2636,12,26,OAJ,3,2015,2015-12-26
2637,12,26,OAK,128,2015,2015-12-26
2638,12,26,OGG,71,2015,2015-12-26
2639,12,26,OKC,46,2015,2015-12-26
2640,12,26,OMA,50,2015,2015-12-26
2641,12,26,OME,2,2015,2015-12-26
2642,12,26,ONT,49,2015,2015-12-26
2643,12,26,ORD,751,2015,2015-12-26
2644,12,26,ORF,28,2015,2015-12-26
2645,12,26,ORH,2,2015,2015-12-26
2646,12,26,OTZ,2,2015,2015-12-26
2647,12,26,PAH,2,2015,2015-12-26
2648,12,26,PBG,1,2015,2015-12-26
2649,12,26,PBI,90,2015,2015-12-26
2650,12,26,PDX,148,2015,2015-12-26
2651,12,26,PHF,3,2015,2015-12-26
2652,12,26,PHL,175,2015,2015-12-26
2653,12,26,PHX,450,2015,2015-12-26
2654,12,26,PIA,13,2015,2015-12-26
2655,12,26,PIB,1,2015,2015-12-26
2656,12,26,PIH,1,2015,2015-12-26
2657,12,26,PIT,61,2015,2015-12-26
2658,12,26,PLN,2,2015,2015-12-26
2659,12,26,PNS,17,2015,2015-12-26
2660,12,26,PSC,8,2015,2015-12-26
2661,12,26,PSE,3,2015,2015-12-26
2662,12,26,PSG,2,2015,2015-12-26
2663,12,26,PSP,35,2015,2015-12-26
2664,12,26,PVD,31,2015,2015-12-26
2665,12,26,PWM,14,2015,2015-12-26
2666,12,26,RAP,10,2015,2015-12-26
2667,12,26,RDD,2,2015,2015-12-26
2668,12,26,RDM,6,2015,2015-12-26
2669,12,26,RDU,85,2015,2015-12-26
2670,12,26,RHI,3,2015,2015-12-26
2671,12,26,RIC,35,2015,2015-12-26
2672,12,26,RKS,1,2015,2015-12-26
2673,12,26,RNO,39,2015,2015-12-26
2674,12,26,ROA,6,2015,2015-12-26
2675,12,26,ROC,20,2015,2015-12-26
2676,12,26,ROW,3,2015,2015-12-26
2677,12,26,RST,4,2015,2015-12-26
2678,12,26,RSW,123,2015,2015-12-26
2679,12,26,SAF,3,2015,2015-12-26
2680,12,26,SAN,207,2015,2015-12-26
2681,12,26,SAT,87,2015,2015-12-26
2682,12,26,SAV,20,2015,2015-12-26
2683,12,26,SBA,14,2015,2015-12-26
2684,12,26,SBN,13,2015,2015-12-26
2685,12,26,SBP,8,2015,2015-12-26
2686,12,26,SCC,3,2015,2015-12-26
2687,12,26,SCE,3,2015,2015-12-26
2688,12,26,SDF,29,2015,2015-12-26
2689,12,26,SEA,343,2015,2015-12-26
2690,12,26,SFO,441,2015,2015-12-26
2691,12,26,SGF,18,2015,2015-12-26
2692,12,26,SGU,5,2015,2015-12-26
2693,12,26,SHV,19,2015,2015-12-26
2694,12,26,SIT,3,2015,2015-12-26
2695,12,26,SJC,99,2015,2015-12-26
2696,12,26,SJT,5,2015,2015-12-26
2697,12,26,SJU,103,2015,2015-12-26
2698,12,26,SLC,308,2015,2015-12-26
2699,12,26,SMF,104,2015,2015-12-26
2700,12,26,SMX,2,2015,2015-12-26
2701,12,26,SNA,99,2015,2015-12-26
2702,12,26,SPI,5,2015,2015-12-26
2703,12,26,SPS,3,2015,2015-12-26
2704,12,26,SRQ,14,2015,2015-12-26
2705,12,26,STL,141,2015,2015-12-26
2706,12,26,STT,23,2015,2015-12-26
2707,12,26,STX,5,2015,2015-12-26
2708,12,26,SUN,5,2015,2015-12-26
2709,12,26,SUX,1,2015,2015-12-26
2710,12,26,SWF,2,2015,2015-12-26
2711,12,26,SYR,15,2015,2015-12-26
2712,12,26,TLH,7,2015,2015-12-26
2713,12,26,TOL,2,2015,2015-12-26
2714,12,26,TPA,216,2015,2015-12-26
2715,12,26,TRI,5,2015,2015-12-26
2716,12,26,TTN,9,2015,2015-12-26
2717,12,26,TUL,38,2015,2015-12-26
2718,12,26,TUS,52,2015,2015-12-26
2719,12,26,TVC,5,2015,2015-12-26
2720,12,26,TWF,2,2015,2015-12-26
2721,12,26,TXK,4,2015,2015-12-26
2722,12,26,TYR,5,2015,2015-12-26
2723,12,26,TYS,16,2015,2015-12-26
2724,12,26,UST,1,2015,2015-12-26
2725,12,26,VLD,2,2015,2015-12-26
2726,12,26,VPS,15,2015,2015-12-26
2727,12,26,WRG,2,2015,2015-12-26
2728,12,26,XNA,21,2015,2015-12-26
2729,12,26,YAK,2,2015,2015-12-26
2730,12,26,YUM,5,2015,2015-12-26
