,ORIGIN_AIRPORT,count,date
0,ABE,7,2015-12-18
1,ABI,8,2015-12-18
2,ABQ,55,2015-12-18
3,ABR,2,2015-12-18
4,ABY,3,2015-12-18
5,ACT,5,2015-12-18
6,ACV,4,2015-12-18
7,ACY,10,2015-12-18
8,ADQ,1,2015-12-18
9,AEX,11,2015-12-18
10,AGS,8,2015-12-18
11,ALB,28,2015-12-18
12,ALO,2,2015-12-18
13,AMA,9,2015-12-18
14,ANC,46,2015-12-18
15,APN,2,2015-12-18
16,ASE,24,2015-12-18
17,ATL,1063,2015-12-18
18,ATW,6,2015-12-18
19,AUS,132,2015-12-18
20,AVL,7,2015-12-18
21,AVP,5,2015-12-18
22,AZO,7,2015-12-18
23,BDL,61,2015-12-18
24,BET,3,2015-12-18
25,BFL,8,2015-12-18
26,BGM,3,2015-12-18
27,BGR,1,2015-12-18
28,BHM,40,2015-12-18
29,BIL,7,2015-12-18
30,BIS,8,2015-12-18
31,BJI,2,2015-12-18
32,BLI,4,2015-12-18
33,BMI,9,2015-12-18
34,BNA,147,2015-12-18
35,BOI,42,2015-12-18
36,BOS,314,2015-12-18
37,BPT,3,2015-12-18
38,BQK,3,2015-12-18
39,BQN,5,2015-12-18
40,BRD,2,2015-12-18
41,BRO,7,2015-12-18
42,BRW,3,2015-12-18
43,BTM,2,2015-12-18
44,BTR,21,2015-12-18
45,BTV,15,2015-12-18
46,BUF,53,2015-12-18
47,BUR,60,2015-12-18
48,BWI,272,2015-12-18
49,BZN,13,2015-12-18
50,CAE,16,2015-12-18
51,CAK,17,2015-12-18
52,CDC,2,2015-12-18
53,CDV,2,2015-12-18
54,CHA,15,2015-12-18
55,CHO,7,2015-12-18
56,CHS,35,2015-12-18
57,CID,19,2015-12-18
58,CIU,2,2015-12-18
59,CLE,98,2015-12-18
60,CLL,5,2015-12-18
61,CLT,320,2015-12-18
62,CMH,71,2015-12-18
63,CMI,7,2015-12-18
64,CMX,2,2015-12-18
65,COD,1,2015-12-18
66,COS,23,2015-12-18
67,COU,4,2015-12-18
68,CPR,4,2015-12-18
69,CRP,12,2015-12-18
70,CRW,8,2015-12-18
71,CSG,3,2015-12-18
72,CVG,63,2015-12-18
73,CWA,4,2015-12-18
74,DAB,4,2015-12-18
75,DAL,202,2015-12-18
76,DAY,27,2015-12-18
77,DBQ,3,2015-12-18
78,DCA,222,2015-12-18
79,DEN,647,2015-12-18
80,DFW,751,2015-12-18
81,DHN,4,2015-12-18
82,DLH,7,2015-12-18
83,DRO,7,2015-12-18
84,DSM,30,2015-12-18
85,DTW,352,2015-12-18
86,DVL,2,2015-12-18
87,EAU,2,2015-12-18
88,ECP,11,2015-12-18
89,EGE,10,2015-12-18
90,EKO,2,2015-12-18
91,ELM,7,2015-12-18
92,ELP,37,2015-12-18
93,ERI,2,2015-12-18
94,ESC,2,2015-12-18
95,EUG,10,2015-12-18
96,EVV,13,2015-12-18
97,EWN,2,2015-12-18
98,EWR,348,2015-12-18
99,EYW,4,2015-12-18
100,FAI,6,2015-12-18
101,FAR,21,2015-12-18
102,FAT,20,2015-12-18
103,FAY,6,2015-12-18
104,FCA,5,2015-12-18
105,FLG,6,2015-12-18
106,FLL,254,2015-12-18
107,FNT,14,2015-12-18
108,FSD,13,2015-12-18
109,FSM,6,2015-12-18
110,FWA,16,2015-12-18
111,GCC,3,2015-12-18
112,GCK,2,2015-12-18
113,GEG,30,2015-12-18
114,GFK,4,2015-12-18
115,GGG,2,2015-12-18
116,GJT,11,2015-12-18
117,GNV,9,2015-12-18
118,GPT,9,2015-12-18
119,GRB,12,2015-12-18
120,GRI,2,2015-12-18
121,GRK,11,2015-12-18
122,GRR,30,2015-12-18
123,GSO,18,2015-12-18
124,GSP,24,2015-12-18
125,GTF,6,2015-12-18
126,GTR,3,2015-12-18
127,GUC,3,2015-12-18
128,GUM,1,2015-12-18
129,HDN,6,2015-12-18
130,HIB,3,2015-12-18
131,HLN,4,2015-12-18
132,HNL,140,2015-12-18
133,HOB,2,2015-12-18
134,HOU,166,2015-12-18
135,HPN,21,2015-12-18
136,HRL,9,2015-12-18
137,HSV,15,2015-12-18
138,HYS,2,2015-12-18
139,IAD,98,2015-12-18
140,IAG,1,2015-12-18
141,IAH,437,2015-12-18
142,ICT,27,2015-12-18
143,IDA,8,2015-12-18
144,ILM,6,2015-12-18
145,IMT,2,2015-12-18
146,IND,88,2015-12-18
147,INL,2,2015-12-18
148,ISN,6,2015-12-18
149,ISP,13,2015-12-18
150,ITO,17,2015-12-18
151,JAC,16,2015-12-18
152,JAN,21,2015-12-18
153,JAX,58,2015-12-18
154,JFK,271,2015-12-18
155,JLN,2,2015-12-18
156,JMS,3,2015-12-18
157,JNU,11,2015-12-18
158,KOA,35,2015-12-18
159,KTN,6,2015-12-18
160,LAN,9,2015-12-18
161,LAR,2,2015-12-18
162,LAS,410,2015-12-18
163,LAW,4,2015-12-18
164,LAX,597,2015-12-18
165,LBB,16,2015-12-18
166,LBE,3,2015-12-18
167,LCH,6,2015-12-18
168,LEX,19,2015-12-18
169,LFT,13,2015-12-18
170,LGA,274,2015-12-18
171,LGB,26,2015-12-18
172,LIH,38,2015-12-18
173,LIT,31,2015-12-18
174,LNK,8,2015-12-18
175,LRD,6,2015-12-18
176,LSE,6,2015-12-18
177,LWS,2,2015-12-18
178,MAF,19,2015-12-18
179,MBS,5,2015-12-18
180,MCI,122,2015-12-18
181,MCO,363,2015-12-18
182,MDT,8,2015-12-18
183,MDW,240,2015-12-18
184,MEI,3,2015-12-18
185,MEM,44,2015-12-18
186,MFE,8,2015-12-18
187,MFR,8,2015-12-18
188,MGM,11,2015-12-18
189,MHK,5,2015-12-18
190,MHT,16,2015-12-18
191,MIA,220,2015-12-18
192,MKE,89,2015-12-18
193,MKG,2,2015-12-18
194,MLB,4,2015-12-18
195,MLI,12,2015-12-18
196,MLU,9,2015-12-18
197,MMH,1,2015-12-18
198,MOB,17,2015-12-18
199,MOT,6,2015-12-18
200,MQT,1,2015-12-18
201,MRY,7,2015-12-18
202,MSN,30,2015-12-18
203,MSO,5,2015-12-18
204,MSP,336,2015-12-18
205,MSY,119,2015-12-18
206,MTJ,6,2015-12-18
207,MYR,7,2015-12-18
208,OAJ,3,2015-12-18
209,OAK,138,2015-12-18
210,OGG,70,2015-12-18
211,OKC,52,2015-12-18
212,OMA,57,2015-12-18
213,OME,2,2015-12-18
214,ONT,56,2015-12-18
215,ORD,881,2015-12-18
216,ORF,30,2015-12-18
217,ORH,2,2015-12-18
218,OTH,1,2015-12-18
219,OTZ,2,2015-12-18
220,PAH,2,2015-12-18
221,PBG,1,2015-12-18
222,PBI,82,2015-12-18
223,PDX,158,2015-12-18
224,PHF,4,2015-12-18
225,PHL,213,2015-12-18
226,PHX,469,2015-12-18
227,PIA,16,2015-12-18
228,PIB,2,2015-12-18
229,PIH,2,2015-12-18
230,PIT,74,2015-12-18
231,PLN,2,2015-12-18
232,PNS,19,2015-12-18
233,PPG,1,2015-12-18
234,PSC,11,2015-12-18
235,PSE,3,2015-12-18
236,PSG,2,2015-12-18
237,PSP,27,2015-12-18
238,PVD,40,2015-12-18
239,PWM,16,2015-12-18
240,RAP,8,2015-12-18
241,RDD,2,2015-12-18
242,RDM,7,2015-12-18
243,RDU,103,2015-12-18
244,RHI,3,2015-12-18
245,RIC,48,2015-12-18
246,RKS,2,2015-12-18
247,RNO,39,2015-12-18
248,ROA,7,2015-12-18
249,ROC,24,2015-12-18
250,ROW,3,2015-12-18
251,RST,6,2015-12-18
252,RSW,98,2015-12-18
253,SAF,3,2015-12-18
254,SAN,217,2015-12-18
255,SAT,91,2015-12-18
256,SAV,20,2015-12-18
257,SBA,14,2015-12-18
258,SBN,14,2015-12-18
259,SBP,7,2015-12-18
260,SCC,3,2015-12-18
261,SCE,2,2015-12-18
262,SDF,29,2015-12-18
263,SEA,359,2015-12-18
264,SFO,490,2015-12-18
265,SGF,19,2015-12-18
266,SGU,6,2015-12-18
267,SHV,19,2015-12-18
268,SIT,3,2015-12-18
269,SJC,116,2015-12-18
270,SJT,5,2015-12-18
271,SJU,90,2015-12-18
272,SLC,299,2015-12-18
273,SMF,113,2015-12-18
274,SMX,1,2015-12-18
275,SNA,128,2015-12-18
276,SPI,5,2015-12-18
277,SPS,3,2015-12-18
278,SRQ,12,2015-12-18
279,STL,152,2015-12-18
280,STT,17,2015-12-18
281,STX,3,2015-12-18
282,SUN,4,2015-12-18
283,SUX,2,2015-12-18
284,SWF,2,2015-12-18
285,SYR,21,2015-12-18
286,TLH,9,2015-12-18
287,TOL,3,2015-12-18
288,TPA,204,2015-12-18
289,TRI,6,2015-12-18
290,TTN,9,2015-12-18
291,TUL,41,2015-12-18
292,TUS,44,2015-12-18
293,TVC,9,2015-12-18
294,TWF,2,2015-12-18
295,TXK,3,2015-12-18
296,TYR,5,2015-12-18
297,TYS,19,2015-12-18
298,UST,1,2015-12-18
299,VLD,3,2015-12-18
300,VPS,16,2015-12-18
301,WRG,2,2015-12-18
302,XNA,32,2015-12-18
303,YAK,2,2015-12-18
304,YUM,6,2015-12-18
305,ABE,3,2015-12-19
306,ABI,6,2015-12-19
307,ABQ,43,2015-12-19
308,ABR,2,2015-12-19
309,ABY,2,2015-12-19
310,ACT,5,2015-12-19
311,ACV,5,2015-12-19
312,ACY,10,2015-12-19
313,ADQ,1,2015-12-19
314,AEX,9,2015-12-19
315,AGS,6,2015-12-19
316,ALB,23,2015-12-19
317,ALO,1,2015-12-19
318,AMA,8,2015-12-19
319,ANC,45,2015-12-19
320,APN,1,2015-12-19
321,ASE,28,2015-12-19
322,ATL,963,2015-12-19
323,ATW,9,2015-12-19
324,AUS,114,2015-12-19
325,AVL,7,2015-12-19
326,AVP,4,2015-12-19
327,AZO,4,2015-12-19
328,BDL,48,2015-12-19
329,BET,2,2015-12-19
330,BFL,6,2015-12-19
331,BGM,1,2015-12-19
332,BHM,28,2015-12-19
333,BIL,9,2015-12-19
334,BIS,12,2015-12-19
335,BJI,2,2015-12-19
336,BLI,3,2015-12-19
337,BMI,8,2015-12-19
338,BNA,112,2015-12-19
339,BOI,40,2015-12-19
340,BOS,245,2015-12-19
341,BPT,3,2015-12-19
342,BQK,2,2015-12-19
343,BQN,5,2015-12-19
344,BRD,1,2015-12-19
345,BRO,7,2015-12-19
346,BRW,3,2015-12-19
347,BTM,2,2015-12-19
348,BTR,19,2015-12-19
349,BTV,11,2015-12-19
350,BUF,44,2015-12-19
351,BUR,47,2015-12-19
352,BWI,223,2015-12-19
353,BZN,19,2015-12-19
354,CAE,11,2015-12-19
355,CAK,16,2015-12-19
356,CDC,1,2015-12-19
357,CDV,2,2015-12-19
358,CHA,9,2015-12-19
359,CHO,7,2015-12-19
360,CHS,32,2015-12-19
361,CID,17,2015-12-19
362,CIU,2,2015-12-19
363,CLE,82,2015-12-19
364,CLL,5,2015-12-19
365,CLT,276,2015-12-19
366,CMH,59,2015-12-19
367,CMI,5,2015-12-19
368,CMX,2,2015-12-19
369,COD,2,2015-12-19
370,COS,21,2015-12-19
371,COU,4,2015-12-19
372,CPR,5,2015-12-19
373,CRP,11,2015-12-19
374,CRW,6,2015-12-19
375,CSG,2,2015-12-19
376,CVG,54,2015-12-19
377,CWA,3,2015-12-19
378,DAB,5,2015-12-19
379,DAL,157,2015-12-19
380,DAY,19,2015-12-19
381,DBQ,2,2015-12-19
382,DCA,161,2015-12-19
383,DEN,590,2015-12-19
384,DFW,653,2015-12-19
385,DHN,3,2015-12-19
386,DLH,5,2015-12-19
387,DRO,7,2015-12-19
388,DSM,21,2015-12-19
389,DTW,287,2015-12-19
390,DVL,1,2015-12-19
391,EAU,2,2015-12-19
392,ECP,11,2015-12-19
393,EGE,14,2015-12-19
394,EKO,1,2015-12-19
395,ELM,3,2015-12-19
396,ELP,28,2015-12-19
397,ERI,2,2015-12-19
398,ESC,1,2015-12-19
399,EUG,10,2015-12-19
400,EVV,9,2015-12-19
401,EWN,1,2015-12-19
402,EWR,272,2015-12-19
403,EYW,7,2015-12-19
404,FAI,6,2015-12-19
405,FAR,19,2015-12-19
406,FAT,20,2015-12-19
407,FAY,4,2015-12-19
408,FCA,7,2015-12-19
409,FLG,6,2015-12-19
410,FLL,274,2015-12-19
411,FNT,13,2015-12-19
412,FSD,11,2015-12-19
413,FSM,5,2015-12-19
414,FWA,13,2015-12-19
415,GCC,2,2015-12-19
416,GCK,2,2015-12-19
417,GEG,24,2015-12-19
418,GFK,5,2015-12-19
419,GGG,2,2015-12-19
420,GJT,12,2015-12-19
421,GNV,6,2015-12-19
422,GPT,9,2015-12-19
423,GRB,12,2015-12-19
424,GRI,2,2015-12-19
425,GRK,11,2015-12-19
426,GRR,23,2015-12-19
427,GSO,13,2015-12-19
428,GSP,16,2015-12-19
429,GTF,5,2015-12-19
430,GTR,2,2015-12-19
431,GUC,5,2015-12-19
432,GUM,1,2015-12-19
433,HDN,11,2015-12-19
434,HIB,2,2015-12-19
435,HLN,4,2015-12-19
436,HNL,135,2015-12-19
437,HOB,1,2015-12-19
438,HOU,121,2015-12-19
439,HPN,18,2015-12-19
440,HRL,8,2015-12-19
441,HSV,11,2015-12-19
442,HYS,1,2015-12-19
443,IAD,86,2015-12-19
444,IAG,1,2015-12-19
445,IAH,389,2015-12-19
446,ICT,24,2015-12-19
447,IDA,6,2015-12-19
448,ILM,5,2015-12-19
449,IMT,2,2015-12-19
450,IND,66,2015-12-19
451,INL,2,2015-12-19
452,ISN,4,2015-12-19
453,ISP,12,2015-12-19
454,ITH,1,2015-12-19
455,ITO,15,2015-12-19
456,JAC,22,2015-12-19
457,JAN,17,2015-12-19
458,JAX,53,2015-12-19
459,JFK,271,2015-12-19
460,JLN,2,2015-12-19
461,JMS,1,2015-12-19
462,JNU,10,2015-12-19
463,KOA,37,2015-12-19
464,KTN,6,2015-12-19
465,LAN,7,2015-12-19
466,LAR,1,2015-12-19
467,LAS,378,2015-12-19
468,LAW,4,2015-12-19
469,LAX,542,2015-12-19
470,LBB,14,2015-12-19
471,LBE,3,2015-12-19
472,LCH,5,2015-12-19
473,LEX,12,2015-12-19
474,LFT,13,2015-12-19
475,LGA,212,2015-12-19
476,LGB,25,2015-12-19
477,LIH,37,2015-12-19
478,LIT,27,2015-12-19
479,LNK,8,2015-12-19
480,LRD,5,2015-12-19
481,LSE,5,2015-12-19
482,LWS,2,2015-12-19
483,MAF,11,2015-12-19
484,MBS,4,2015-12-19
485,MCI,86,2015-12-19
486,MCO,388,2015-12-19
487,MDT,8,2015-12-19
488,MDW,205,2015-12-19
489,MEI,2,2015-12-19
490,MEM,35,2015-12-19
491,MFE,6,2015-12-19
492,MFR,7,2015-12-19
493,MGM,7,2015-12-19
494,MHK,5,2015-12-19
495,MHT,16,2015-12-19
496,MIA,221,2015-12-19
497,MKE,66,2015-12-19
498,MKG,2,2015-12-19
499,MLB,5,2015-12-19
500,MLI,10,2015-12-19
501,MLU,8,2015-12-19
502,MMH,2,2015-12-19
503,MOB,14,2015-12-19
504,MOT,5,2015-12-19
505,MQT,1,2015-12-19
506,MRY,7,2015-12-19
507,MSN,24,2015-12-19
508,MSO,5,2015-12-19
509,MSP,311,2015-12-19
510,MSY,102,2015-12-19
511,MTJ,10,2015-12-19
512,MYR,9,2015-12-19
513,OAJ,3,2015-12-19
514,OAK,107,2015-12-19
515,OGG,71,2015-12-19
516,OKC,41,2015-12-19
517,OMA,44,2015-12-19
518,OME,2,2015-12-19
519,ONT,48,2015-12-19
520,ORD,749,2015-12-19
521,ORF,26,2015-12-19
522,ORH,2,2015-12-19
523,OTZ,2,2015-12-19
524,PAH,2,2015-12-19
525,PBG,1,2015-12-19
526,PBI,88,2015-12-19
527,PDX,140,2015-12-19
528,PHF,3,2015-12-19
529,PHL,180,2015-12-19
530,PHX,432,2015-12-19
531,PIA,13,2015-12-19
532,PIB,1,2015-12-19
533,PIH,1,2015-12-19
534,PIT,55,2015-12-19
535,PLN,2,2015-12-19
536,PNS,17,2015-12-19
537,PSC,8,2015-12-19
538,PSE,3,2015-12-19
539,PSG,2,2015-12-19
540,PSP,35,2015-12-19
541,PVD,30,2015-12-19
542,PWM,16,2015-12-19
543,RAP,9,2015-12-19
544,RDD,2,2015-12-19
545,RDM,6,2015-12-19
546,RDU,81,2015-12-19
547,RHI,2,2015-12-19
548,RIC,33,2015-12-19
549,RKS,1,2015-12-19
550,RNO,34,2015-12-19
551,ROA,6,2015-12-19
552,ROC,19,2015-12-19
553,ROW,3,2015-12-19
554,RST,4,2015-12-19
555,RSW,115,2015-12-19
556,SAF,3,2015-12-19
557,SAN,190,2015-12-19
558,SAT,75,2015-12-19
559,SAV,21,2015-12-19
560,SBA,14,2015-12-19
561,SBN,14,2015-12-19
562,SBP,8,2015-12-19
563,SCC,3,2015-12-19
564,SCE,3,2015-12-19
565,SDF,24,2015-12-19
566,SEA,334,2015-12-19
567,SFO,435,2015-12-19
568,SGF,16,2015-12-19
569,SGU,5,2015-12-19
570,SHV,18,2015-12-19
571,SIT,3,2015-12-19
572,SJC,86,2015-12-19
573,SJT,5,2015-12-19
574,SJU,102,2015-12-19
575,SLC,304,2015-12-19
576,SMF,93,2015-12-19
577,SMX,2,2015-12-19
578,SNA,93,2015-12-19
579,SPI,5,2015-12-19
580,SPS,3,2015-12-19
581,SRQ,14,2015-12-19
582,STL,120,2015-12-19
583,STT,22,2015-12-19
584,STX,5,2015-12-19
585,SUN,5,2015-12-19
586,SUX,1,2015-12-19
587,SWF,2,2015-12-19
588,SYR,14,2015-12-19
589,TLH,7,2015-12-19
590,TOL,2,2015-12-19
591,TPA,197,2015-12-19
592,TRI,5,2015-12-19
593,TTN,9,2015-12-19
594,TUL,32,2015-12-19
595,TUS,48,2015-12-19
596,TVC,7,2015-12-19
597,TWF,2,2015-12-19
598,TXK,3,2015-12-19
599,TYR,5,2015-12-19
600,TYS,15,2015-12-19
601,UST,1,2015-12-19
602,VLD,2,2015-12-19
603,VPS,15,2015-12-19
604,WRG,2,2015-12-19
605,XNA,21,2015-12-19
606,YAK,2,2015-12-19
607,YUM,5,2015-12-19
608,ABE,3,2015-12-20
609,ABI,7,2015-12-20
610,ABQ,54,2015-12-20
611,ABR,2,2015-12-20
612,ABY,2,2015-12-20
613,ACT,5,2015-12-20
614,ACV,4,2015-12-20
615,ACY,10,2015-12-20
616,ADK,1,2015-12-20
617,ADQ,1,2015-12-20
618,AEX,10,2015-12-20
619,AGS,7,2015-12-20
620,ALB,22,2015-12-20
621,ALO,2,2015-12-20
622,AMA,8,2015-12-20
623,ANC,44,2015-12-20
624,APN,1,2015-12-20
625,ASE,30,2015-12-20
626,ATL,1041,2015-12-20
627,ATW,8,2015-12-20
628,AUS,125,2015-12-20
629,AVL,8,2015-12-20
630,AVP,3,2015-12-20
631,AZO,6,2015-12-20
632,BDL,54,2015-12-20
633,BET,2,2015-12-20
634,BFL,7,2015-12-20
635,BGM,1,2015-12-20
636,BGR,1,2015-12-20
637,BHM,33,2015-12-20
638,BIL,11,2015-12-20
639,BIS,12,2015-12-20
640,BJI,2,2015-12-20
641,BLI,4,2015-12-20
642,BMI,8,2015-12-20
643,BNA,137,2015-12-20
644,BOI,41,2015-12-20
645,BOS,282,2015-12-20
646,BPT,3,2015-12-20
647,BQK,3,2015-12-20
648,BQN,5,2015-12-20
649,BRD,1,2015-12-20
650,BRO,7,2015-12-20
651,BRW,2,2015-12-20
652,BTM,2,2015-12-20
653,BTR,18,2015-12-20
654,BTV,11,2015-12-20
655,BUF,44,2015-12-20
656,BUR,53,2015-12-20
657,BWI,254,2015-12-20
658,BZN,14,2015-12-20
659,CAE,11,2015-12-20
660,CAK,15,2015-12-20
661,CDC,1,2015-12-20
662,CDV,2,2015-12-20
663,CHA,10,2015-12-20
664,CHO,6,2015-12-20
665,CHS,36,2015-12-20
666,CID,18,2015-12-20
667,CIU,2,2015-12-20
668,CLE,90,2015-12-20
669,CLL,5,2015-12-20
670,CLT,292,2015-12-20
671,CMH,64,2015-12-20
672,CMI,7,2015-12-20
673,CMX,2,2015-12-20
674,COD,2,2015-12-20
675,COS,22,2015-12-20
676,COU,4,2015-12-20
677,CPR,5,2015-12-20
678,CRP,10,2015-12-20
679,CRW,7,2015-12-20
680,CSG,2,2015-12-20
681,CVG,57,2015-12-20
682,CWA,2,2015-12-20
683,DAB,5,2015-12-20
684,DAL,188,2015-12-20
685,DAY,21,2015-12-20
686,DBQ,3,2015-12-20
687,DCA,197,2015-12-20
688,DEN,623,2015-12-20
689,DFW,676,2015-12-20
690,DHN,4,2015-12-20
691,DLH,5,2015-12-20
692,DRO,5,2015-12-20
693,DSM,26,2015-12-20
694,DTW,290,2015-12-20
695,DVL,1,2015-12-20
696,EAU,2,2015-12-20
697,ECP,10,2015-12-20
698,EGE,13,2015-12-20
699,EKO,1,2015-12-20
700,ELM,4,2015-12-20
701,ELP,37,2015-12-20
702,ERI,2,2015-12-20
703,ESC,1,2015-12-20
704,EUG,11,2015-12-20
705,EVV,10,2015-12-20
706,EWN,2,2015-12-20
707,EWR,312,2015-12-20
708,EYW,6,2015-12-20
709,FAI,6,2015-12-20
710,FAR,20,2015-12-20
711,FAT,21,2015-12-20
712,FAY,4,2015-12-20
713,FCA,6,2015-12-20
714,FLG,6,2015-12-20
715,FLL,270,2015-12-20
716,FNT,12,2015-12-20
717,FSD,11,2015-12-20
718,FSM,6,2015-12-20
719,FWA,15,2015-12-20
720,GCC,3,2015-12-20
721,GCK,2,2015-12-20
722,GEG,30,2015-12-20
723,GFK,4,2015-12-20
724,GGG,2,2015-12-20
725,GJT,12,2015-12-20
726,GNV,8,2015-12-20
727,GPT,8,2015-12-20
728,GRB,12,2015-12-20
729,GRI,2,2015-12-20
730,GRK,11,2015-12-20
731,GRR,30,2015-12-20
732,GSO,11,2015-12-20
733,GSP,19,2015-12-20
734,GTF,5,2015-12-20
735,GTR,2,2015-12-20
736,GUC,5,2015-12-20
737,GUM,1,2015-12-20
738,HDN,11,2015-12-20
739,HIB,2,2015-12-20
740,HLN,4,2015-12-20
741,HNL,136,2015-12-20
742,HOB,2,2015-12-20
743,HOU,156,2015-12-20
744,HPN,19,2015-12-20
745,HRL,8,2015-12-20
746,HSV,13,2015-12-20
747,HYS,1,2015-12-20
748,IAD,93,2015-12-20
749,IAG,1,2015-12-20
750,IAH,407,2015-12-20
751,ICT,24,2015-12-20
752,IDA,7,2015-12-20
753,ILM,5,2015-12-20
754,IMT,1,2015-12-20
755,IND,78,2015-12-20
756,INL,2,2015-12-20
757,ISN,6,2015-12-20
758,ISP,12,2015-12-20
759,ITH,2,2015-12-20
760,ITO,15,2015-12-20
761,JAC,21,2015-12-20
762,JAN,19,2015-12-20
763,JAX,56,2015-12-20
764,JFK,292,2015-12-20
765,JLN,2,2015-12-20
766,JMS,2,2015-12-20
767,JNU,11,2015-12-20
768,KOA,36,2015-12-20
769,KTN,6,2015-12-20
770,LAN,5,2015-12-20
771,LAR,1,2015-12-20
772,LAS,405,2015-12-20
773,LAW,4,2015-12-20
774,LAX,577,2015-12-20
775,LBB,14,2015-12-20
776,LBE,3,2015-12-20
777,LCH,5,2015-12-20
778,LEX,11,2015-12-20
779,LFT,12,2015-12-20
780,LGA,242,2015-12-20
781,LGB,26,2015-12-20
782,LIH,36,2015-12-20
783,LIT,29,2015-12-20
784,LNK,6,2015-12-20
785,LRD,6,2015-12-20
786,LSE,6,2015-12-20
787,LWS,2,2015-12-20
788,MAF,16,2015-12-20
789,MBS,5,2015-12-20
790,MCI,105,2015-12-20
791,MCO,377,2015-12-20
792,MDT,9,2015-12-20
793,MDW,222,2015-12-20
794,MEI,2,2015-12-20
795,MEM,36,2015-12-20
796,MFE,6,2015-12-20
797,MFR,9,2015-12-20
798,MGM,9,2015-12-20
799,MHK,5,2015-12-20
800,MHT,15,2015-12-20
801,MIA,224,2015-12-20
802,MKE,81,2015-12-20
803,MKG,2,2015-12-20
804,MLB,5,2015-12-20
805,MLI,8,2015-12-20
806,MLU,8,2015-12-20
807,MMH,1,2015-12-20
808,MOB,15,2015-12-20
809,MOT,4,2015-12-20
810,MQT,3,2015-12-20
811,MRY,7,2015-12-20
812,MSN,22,2015-12-20
813,MSO,8,2015-12-20
814,MSP,322,2015-12-20
815,MSY,117,2015-12-20
816,MTJ,8,2015-12-20
817,MYR,9,2015-12-20
818,OAJ,4,2015-12-20
819,OAK,125,2015-12-20
820,OGG,69,2015-12-20
821,OKC,49,2015-12-20
822,OMA,55,2015-12-20
823,OME,2,2015-12-20
824,ONT,49,2015-12-20
825,ORD,838,2015-12-20
826,ORF,27,2015-12-20
827,ORH,2,2015-12-20
828,OTH,1,2015-12-20
829,OTZ,2,2015-12-20
830,PAH,2,2015-12-20
831,PBG,1,2015-12-20
832,PBI,91,2015-12-20
833,PDX,153,2015-12-20
834,PHF,3,2015-12-20
835,PHL,198,2015-12-20
836,PHX,460,2015-12-20
837,PIA,14,2015-12-20
838,PIB,1,2015-12-20
839,PIH,2,2015-12-20
840,PIT,65,2015-12-20
841,PLN,2,2015-12-20
842,PNS,18,2015-12-20
843,PSC,10,2015-12-20
844,PSE,3,2015-12-20
845,PSG,2,2015-12-20
846,PSP,32,2015-12-20
847,PVD,31,2015-12-20
848,PWM,16,2015-12-20
849,RAP,9,2015-12-20
850,RDD,2,2015-12-20
851,RDM,7,2015-12-20
852,RDU,93,2015-12-20
853,RHI,3,2015-12-20
854,RIC,39,2015-12-20
855,RKS,2,2015-12-20
856,RNO,38,2015-12-20
857,ROA,6,2015-12-20
858,ROC,20,2015-12-20
859,ROW,3,2015-12-20
860,RST,4,2015-12-20
861,RSW,117,2015-12-20
862,SAF,3,2015-12-20
863,SAN,207,2015-12-20
864,SAT,84,2015-12-20
865,SAV,18,2015-12-20
866,SBA,15,2015-12-20
867,SBN,12,2015-12-20
868,SBP,7,2015-12-20
869,SCC,2,2015-12-20
870,SCE,3,2015-12-20
871,SDF,29,2015-12-20
872,SEA,354,2015-12-20
873,SFO,466,2015-12-20
874,SGF,18,2015-12-20
875,SGU,6,2015-12-20
876,SHV,19,2015-12-20
877,SIT,3,2015-12-20
878,SJC,102,2015-12-20
879,SJT,5,2015-12-20
880,SJU,102,2015-12-20
881,SLC,320,2015-12-20
882,SMF,103,2015-12-20
883,SMX,2,2015-12-20
884,SNA,114,2015-12-20
885,SPI,5,2015-12-20
886,SPS,3,2015-12-20
887,SRQ,15,2015-12-20
888,STL,132,2015-12-20
889,STT,20,2015-12-20
890,STX,3,2015-12-20
891,SUN,5,2015-12-20
892,SUX,2,2015-12-20
893,SWF,2,2015-12-20
894,SYR,18,2015-12-20
895,TLH,8,2015-12-20
896,TOL,3,2015-12-20
897,TPA,210,2015-12-20
898,TRI,6,2015-12-20
899,TTN,9,2015-12-20
900,TUL,37,2015-12-20
901,TUS,48,2015-12-20
902,TVC,7,2015-12-20
903,TWF,3,2015-12-20
904,TXK,3,2015-12-20
905,TYR,5,2015-12-20
906,TYS,19,2015-12-20
907,VLD,3,2015-12-20
908,VPS,15,2015-12-20
909,WRG,2,2015-12-20
910,XNA,23,2015-12-20
911,YAK,2,2015-12-20
912,YUM,6,2015-12-20
913,ABE,4,2015-12-21
914,ABI,7,2015-12-21
915,ABQ,57,2015-12-21
916,ABR,2,2015-12-21
917,ABY,2,2015-12-21
918,ACT,5,2015-12-21
919,ACV,4,2015-12-21
920,ACY,10,2015-12-21
921,ADQ,1,2015-12-21
922,AEX,10,2015-12-21
923,AGS,7,2015-12-21
924,ALB,24,2015-12-21
925,ALO,2,2015-12-21
926,AMA,10,2015-12-21
927,ANC,46,2015-12-21
928,APN,2,2015-12-21
929,ASE,26,2015-12-21
930,ATL,1027,2015-12-21
931,ATW,7,2015-12-21
932,AUS,130,2015-12-21
933,AVL,8,2015-12-21
934,AVP,2,2015-12-21
935,AZO,6,2015-12-21
936,BDL,58,2015-12-21
937,BET,3,2015-12-21
938,BFL,8,2015-12-21
939,BGM,1,2015-12-21
940,BGR,1,2015-12-21
941,BHM,35,2015-12-21
942,BIL,12,2015-12-21
943,BIS,9,2015-12-21
944,BJI,2,2015-12-21
945,BLI,3,2015-12-21
946,BMI,8,2015-12-21
947,BNA,139,2015-12-21
948,BOI,42,2015-12-21
949,BOS,299,2015-12-21
950,BPT,3,2015-12-21
951,BQK,3,2015-12-21
952,BQN,6,2015-12-21
953,BRD,2,2015-12-21
954,BRO,7,2015-12-21
955,BRW,3,2015-12-21
956,BTM,2,2015-12-21
957,BTR,19,2015-12-21
958,BTV,13,2015-12-21
959,BUF,48,2015-12-21
960,BUR,59,2015-12-21
961,BWI,267,2015-12-21
962,BZN,14,2015-12-21
963,CAE,13,2015-12-21
964,CAK,16,2015-12-21
965,CDC,2,2015-12-21
966,CDV,2,2015-12-21
967,CHA,10,2015-12-21
968,CHO,5,2015-12-21
969,CHS,36,2015-12-21
970,CID,14,2015-12-21
971,CIU,2,2015-12-21
972,CLE,94,2015-12-21
973,CLL,5,2015-12-21
974,CLT,312,2015-12-21
975,CMH,66,2015-12-21
976,CMI,7,2015-12-21
977,CMX,2,2015-12-21
978,COD,1,2015-12-21
979,COS,22,2015-12-21
980,COU,4,2015-12-21
981,CPR,3,2015-12-21
982,CRP,12,2015-12-21
983,CRW,7,2015-12-21
984,CSG,2,2015-12-21
985,CVG,52,2015-12-21
986,CWA,4,2015-12-21
987,DAB,5,2015-12-21
988,DAL,202,2015-12-21
989,DAY,22,2015-12-21
990,DBQ,3,2015-12-21
991,DCA,214,2015-12-21
992,DEN,634,2015-12-21
993,DFW,692,2015-12-21
994,DHN,4,2015-12-21
995,DLH,5,2015-12-21
996,DRO,5,2015-12-21
997,DSM,27,2015-12-21
998,DTW,287,2015-12-21
999,DVL,2,2015-12-21
1000,EAU,2,2015-12-21
1001,ECP,11,2015-12-21
1002,EGE,11,2015-12-21
1003,EKO,2,2015-12-21
1004,ELM,4,2015-12-21
1005,ELP,35,2015-12-21
1006,ERI,2,2015-12-21
1007,ESC,2,2015-12-21
1008,EUG,11,2015-12-21
1009,EVV,10,2015-12-21
1010,EWN,2,2015-12-21
1011,EWR,333,2015-12-21
1012,EYW,6,2015-12-21
1013,FAI,6,2015-12-21
1014,FAR,18,2015-12-21
1015,FAT,18,2015-12-21
1016,FAY,4,2015-12-21
1017,FCA,6,2015-12-21
1018,FLG,6,2015-12-21
1019,FLL,263,2015-12-21
1020,FNT,14,2015-12-21
1021,FSD,10,2015-12-21
1022,FSM,6,2015-12-21
1023,FWA,13,2015-12-21
1024,GCC,3,2015-12-21
1025,GCK,2,2015-12-21
1026,GEG,31,2015-12-21
1027,GFK,4,2015-12-21
1028,GGG,2,2015-12-21
1029,GJT,10,2015-12-21
1030,GNV,8,2015-12-21
1031,GPT,9,2015-12-21
1032,GRB,12,2015-12-21
1033,GRI,2,2015-12-21
1034,GRK,11,2015-12-21
1035,GRR,27,2015-12-21
1036,GSO,13,2015-12-21
1037,GSP,20,2015-12-21
1038,GTF,6,2015-12-21
1039,GTR,2,2015-12-21
1040,GUC,2,2015-12-21
1041,GUM,1,2015-12-21
1042,HDN,7,2015-12-21
1043,HIB,3,2015-12-21
1044,HLN,4,2015-12-21
1045,HNL,137,2015-12-21
1046,HOB,2,2015-12-21
1047,HOU,165,2015-12-21
1048,HPN,19,2015-12-21
1049,HRL,9,2015-12-21
1050,HSV,12,2015-12-21
1051,HYS,2,2015-12-21
1052,IAD,95,2015-12-21
1053,IAG,1,2015-12-21
1054,IAH,438,2015-12-21
1055,ICT,25,2015-12-21
1056,IDA,7,2015-12-21
1057,ILM,5,2015-12-21
1058,IMT,2,2015-12-21
1059,IND,84,2015-12-21
1060,INL,2,2015-12-21
1061,ISN,6,2015-12-21
1062,ISP,13,2015-12-21
1063,ITH,2,2015-12-21
1064,ITO,17,2015-12-21
1065,JAC,20,2015-12-21
1066,JAN,21,2015-12-21
1067,JAX,60,2015-12-21
1068,JFK,288,2015-12-21
1069,JLN,2,2015-12-21
1070,JMS,3,2015-12-21
1071,JNU,11,2015-12-21
1072,KOA,35,2015-12-21
1073,KTN,6,2015-12-21
1074,LAN,5,2015-12-21
1075,LAR,2,2015-12-21
1076,LAS,405,2015-12-21
1077,LAW,4,2015-12-21
1078,LAX,603,2015-12-21
1079,LBB,14,2015-12-21
1080,LBE,3,2015-12-21
1081,LCH,5,2015-12-21
1082,LEX,14,2015-12-21
1083,LFT,11,2015-12-21
1084,LGA,271,2015-12-21
1085,LGB,26,2015-12-21
1086,LIH,34,2015-12-21
1087,LIT,29,2015-12-21
1088,LNK,6,2015-12-21
1089,LRD,6,2015-12-21
1090,LSE,5,2015-12-21
1091,LWS,2,2015-12-21
1092,MAF,20,2015-12-21
1093,MBS,5,2015-12-21
1094,MCI,111,2015-12-21
1095,MCO,371,2015-12-21
1096,MDT,9,2015-12-21
1097,MDW,239,2015-12-21
1098,MEI,3,2015-12-21
1099,MEM,37,2015-12-21
1100,MFE,5,2015-12-21
1101,MFR,9,2015-12-21
1102,MGM,9,2015-12-21
1103,MHK,5,2015-12-21
1104,MHT,15,2015-12-21
1105,MIA,224,2015-12-21
1106,MKE,86,2015-12-21
1107,MKG,2,2015-12-21
1108,MLB,5,2015-12-21
1109,MLI,9,2015-12-21
1110,MLU,9,2015-12-21
1111,MMH,1,2015-12-21
1112,MOB,16,2015-12-21
1113,MOT,5,2015-12-21
1114,MQT,2,2015-12-21
1115,MRY,7,2015-12-21
1116,MSN,24,2015-12-21
1117,MSO,7,2015-12-21
1118,MSP,316,2015-12-21
1119,MSY,116,2015-12-21
1120,MTJ,8,2015-12-21
1121,MYR,9,2015-12-21
1122,OAJ,4,2015-12-21
1123,OAK,137,2015-12-21
1124,OGG,68,2015-12-21
1125,OKC,52,2015-12-21
1126,OMA,55,2015-12-21
1127,OME,2,2015-12-21
1128,ONT,54,2015-12-21
1129,ORD,865,2015-12-21
1130,ORF,28,2015-12-21
1131,ORH,2,2015-12-21
1132,OTH,1,2015-12-21
1133,OTZ,2,2015-12-21
1134,PAH,2,2015-12-21
1135,PBG,1,2015-12-21
1136,PBI,96,2015-12-21
1137,PDX,158,2015-12-21
1138,PHF,3,2015-12-21
1139,PHL,205,2015-12-21
1140,PHX,474,2015-12-21
1141,PIA,14,2015-12-21
1142,PIB,2,2015-12-21
1143,PIH,2,2015-12-21
1144,PIT,68,2015-12-21
1145,PLN,2,2015-12-21
1146,PNS,18,2015-12-21
1147,PPG,1,2015-12-21
1148,PSC,10,2015-12-21
1149,PSE,3,2015-12-21
1150,PSG,2,2015-12-21
1151,PSP,32,2015-12-21
1152,PVD,36,2015-12-21
1153,PWM,14,2015-12-21
1154,RAP,10,2015-12-21
1155,RDD,2,2015-12-21
1156,RDM,7,2015-12-21
1157,RDU,96,2015-12-21
1158,RHI,3,2015-12-21
1159,RIC,44,2015-12-21
1160,RKS,2,2015-12-21
1161,RNO,40,2015-12-21
1162,ROA,6,2015-12-21
1163,ROC,23,2015-12-21
1164,ROW,3,2015-12-21
1165,RST,4,2015-12-21
1166,RSW,113,2015-12-21
1167,SAF,3,2015-12-21
1168,SAN,216,2015-12-21
1169,SAT,86,2015-12-21
1170,SAV,17,2015-12-21
1171,SBA,14,2015-12-21
1172,SBN,13,2015-12-21
1173,SBP,7,2015-12-21
1174,SCC,3,2015-12-21
1175,SCE,3,2015-12-21
1176,SDF,28,2015-12-21
1177,SEA,367,2015-12-21
1178,SFO,485,2015-12-21
1179,SGF,18,2015-12-21
1180,SGU,6,2015-12-21
1181,SHV,19,2015-12-21
1182,SIT,3,2015-12-21
1183,SJC,113,2015-12-21
1184,SJT,5,2015-12-21
1185,SJU,94,2015-12-21
1186,SLC,318,2015-12-21
1187,SMF,113,2015-12-21
1188,SMX,2,2015-12-21
1189,SNA,125,2015-12-21
1190,SPI,5,2015-12-21
1191,SPS,3,2015-12-21
1192,SRQ,14,2015-12-21
1193,STL,148,2015-12-21
1194,STT,16,2015-12-21
1195,STX,3,2015-12-21
1196,SUN,5,2015-12-21
1197,SUX,2,2015-12-21
1198,SWF,2,2015-12-21
1199,SYR,18,2015-12-21
1200,TLH,8,2015-12-21
1201,TOL,3,2015-12-21
1202,TPA,209,2015-12-21
1203,TRI,5,2015-12-21
1204,TTN,9,2015-12-21
1205,TUL,38,2015-12-21
1206,TUS,48,2015-12-21
1207,TVC,8,2015-12-21
1208,TWF,3,2015-12-21
1209,TXK,3,2015-12-21
1210,TYR,5,2015-12-21
1211,TYS,19,2015-12-21
1212,UST,1,2015-12-21
1213,VLD,3,2015-12-21
1214,VPS,15,2015-12-21
1215,WRG,2,2015-12-21
1216,XNA,27,2015-12-21
1217,YAK,2,2015-12-21
1218,YUM,6,2015-12-21
1219,ABE,4,2015-12-22
1220,ABI,7,2015-12-22
1221,ABQ,56,2015-12-22
1222,ABR,2,2015-12-22
1223,ABY,2,2015-12-22
1224,ACT,5,2015-12-22
1225,ACV,4,2015-12-22
1226,ACY,10,2015-12-22
1227,ADQ,1,2015-12-22
1228,AEX,10,2015-12-22
1229,AGS,7,2015-12-22
1230,ALB,27,2015-12-22
1231,ALO,2,2015-12-22
1232,AMA,9,2015-12-22
1233,ANC,44,2015-12-22
1234,APN,2,2015-12-22
1235,ASE,26,2015-12-22
1236,ATL,1031,2015-12-22
1237,ATW,8,2015-12-22
1238,AUS,130,2015-12-22
1239,AVL,8,2015-12-22
1240,AVP,3,2015-12-22
1241,AZO,7,2015-12-22
1242,BDL,61,2015-12-22
1243,BET,3,2015-12-22
1244,BFL,7,2015-12-22
1245,BGM,1,2015-12-22
1246,BGR,1,2015-12-22
1247,BHM,34,2015-12-22
1248,BIL,12,2015-12-22
1249,BIS,11,2015-12-22
1250,BJI,2,2015-12-22
1251,BLI,4,2015-12-22
1252,BMI,8,2015-12-22
1253,BNA,139,2015-12-22
1254,BOI,42,2015-12-22
1255,BOS,300,2015-12-22
1256,BPT,3,2015-12-22
1257,BQK,3,2015-12-22
1258,BQN,5,2015-12-22
1259,BRD,2,2015-12-22
1260,BRO,7,2015-12-22
1261,BRW,3,2015-12-22
1262,BTM,2,2015-12-22
1263,BTR,19,2015-12-22
1264,BTV,14,2015-12-22
1265,BUF,48,2015-12-22
1266,BUR,59,2015-12-22
1267,BWI,269,2015-12-22
1268,BZN,13,2015-12-22
1269,CAE,12,2015-12-22
1270,CAK,16,2015-12-22
1271,CDC,2,2015-12-22
1272,CDV,2,2015-12-22
1273,CHA,10,2015-12-22
1274,CHO,5,2015-12-22
1275,CHS,33,2015-12-22
1276,CID,17,2015-12-22
1277,CIU,2,2015-12-22
1278,CLE,95,2015-12-22
1279,CLL,5,2015-12-22
1280,CLT,311,2015-12-22
1281,CMH,68,2015-12-22
1282,CMI,7,2015-12-22
1283,CMX,2,2015-12-22
1284,COD,1,2015-12-22
1285,COS,23,2015-12-22
1286,COU,4,2015-12-22
1287,CPR,4,2015-12-22
1288,CRP,12,2015-12-22
1289,CRW,7,2015-12-22
1290,CSG,2,2015-12-22
1291,CVG,52,2015-12-22
1292,CWA,4,2015-12-22
1293,DAB,4,2015-12-22
1294,DAL,202,2015-12-22
1295,DAY,21,2015-12-22
1296,DBQ,3,2015-12-22
1297,DCA,212,2015-12-22
1298,DEN,630,2015-12-22
1299,DFW,687,2015-12-22
1300,DHN,4,2015-12-22
1301,DLH,5,2015-12-22
1302,DRO,6,2015-12-22
1303,DSM,25,2015-12-22
1304,DTW,287,2015-12-22
1305,DVL,1,2015-12-22
1306,EAU,2,2015-12-22
1307,ECP,11,2015-12-22
1308,EGE,11,2015-12-22
1309,EKO,2,2015-12-22
1310,ELM,4,2015-12-22
1311,ELP,34,2015-12-22
1312,ERI,2,2015-12-22
1313,ESC,2,2015-12-22
1314,EUG,11,2015-12-22
1315,EVV,10,2015-12-22
1316,EWN,2,2015-12-22
1317,EWR,337,2015-12-22
1318,EYW,6,2015-12-22
1319,FAI,6,2015-12-22
1320,FAR,18,2015-12-22
1321,FAT,18,2015-12-22
1322,FAY,4,2015-12-22
1323,FCA,6,2015-12-22
1324,FLG,6,2015-12-22
1325,FLL,264,2015-12-22
1326,FNT,14,2015-12-22
1327,FSD,10,2015-12-22
1328,FSM,6,2015-12-22
1329,FWA,13,2015-12-22
1330,GCC,3,2015-12-22
1331,GCK,2,2015-12-22
1332,GEG,31,2015-12-22
1333,GFK,4,2015-12-22
1334,GGG,2,2015-12-22
1335,GJT,11,2015-12-22
1336,GNV,8,2015-12-22
1337,GPT,9,2015-12-22
1338,GRB,12,2015-12-22
1339,GRI,2,2015-12-22
1340,GRK,12,2015-12-22
1341,GRR,28,2015-12-22
1342,GSO,11,2015-12-22
1343,GSP,19,2015-12-22
1344,GTF,5,2015-12-22
1345,GTR,2,2015-12-22
1346,GUC,3,2015-12-22
1347,GUM,1,2015-12-22
1348,HDN,7,2015-12-22
1349,HIB,3,2015-12-22
1350,HLN,4,2015-12-22
1351,HNL,134,2015-12-22
1352,HOB,2,2015-12-22
1353,HOU,165,2015-12-22
1354,HPN,19,2015-12-22
1355,HRL,9,2015-12-22
1356,HSV,12,2015-12-22
1357,HYS,2,2015-12-22
1358,IAD,97,2015-12-22
1359,IAG,1,2015-12-22
1360,IAH,433,2015-12-22
1361,ICT,26,2015-12-22
1362,IDA,7,2015-12-22
1363,ILM,5,2015-12-22
1364,IMT,2,2015-12-22
1365,IND,84,2015-12-22
1366,INL,1,2015-12-22
1367,ISN,6,2015-12-22
1368,ISP,13,2015-12-22
1369,ITH,2,2015-12-22
1370,ITO,17,2015-12-22
1371,JAC,20,2015-12-22
1372,JAN,21,2015-12-22
1373,JAX,59,2015-12-22
1374,JFK,284,2015-12-22
1375,JLN,2,2015-12-22
1376,JMS,2,2015-12-22
1377,JNU,11,2015-12-22
1378,KOA,33,2015-12-22
1379,KTN,6,2015-12-22
1380,LAN,6,2015-12-22
1381,LAR,2,2015-12-22
1382,LAS,405,2015-12-22
1383,LAW,4,2015-12-22
1384,LAX,593,2015-12-22
1385,LBB,14,2015-12-22
1386,LBE,3,2015-12-22
1387,LCH,5,2015-12-22
1388,LEX,14,2015-12-22
1389,LFT,13,2015-12-22
1390,LGA,271,2015-12-22
1391,LGB,26,2015-12-22
1392,LIH,34,2015-12-22
1393,LIT,29,2015-12-22
1394,LNK,7,2015-12-22
1395,LRD,6,2015-12-22
1396,LSE,5,2015-12-22
1397,LWS,2,2015-12-22
1398,MAF,17,2015-12-22
1399,MBS,6,2015-12-22
1400,MCI,109,2015-12-22
1401,MCO,371,2015-12-22
1402,MDT,9,2015-12-22
1403,MDW,237,2015-12-22
1404,MEI,3,2015-12-22
1405,MEM,37,2015-12-22
1406,MFE,7,2015-12-22
1407,MFR,9,2015-12-22
1408,MGM,9,2015-12-22
1409,MHK,5,2015-12-22
1410,MHT,15,2015-12-22
1411,MIA,222,2015-12-22
1412,MKE,85,2015-12-22
1413,MKG,2,2015-12-22
1414,MLB,5,2015-12-22
1415,MLI,7,2015-12-22
1416,MLU,9,2015-12-22
1417,MMH,1,2015-12-22
1418,MOB,15,2015-12-22
1419,MOT,4,2015-12-22
1420,MQT,2,2015-12-22
1421,MRY,7,2015-12-22
1422,MSN,23,2015-12-22
1423,MSO,8,2015-12-22
1424,MSP,311,2015-12-22
1425,MSY,119,2015-12-22
1426,MTJ,6,2015-12-22
1427,MYR,9,2015-12-22
1428,OAJ,4,2015-12-22
1429,OAK,138,2015-12-22
1430,OGG,67,2015-12-22
1431,OKC,52,2015-12-22
1432,OMA,53,2015-12-22
1433,OME,2,2015-12-22
1434,ONT,54,2015-12-22
1435,ORD,869,2015-12-22
1436,ORF,28,2015-12-22
1437,ORH,2,2015-12-22
1438,OTZ,2,2015-12-22
1439,PAH,2,2015-12-22
1440,PBG,1,2015-12-22
1441,PBI,97,2015-12-22
1442,PDX,158,2015-12-22
1443,PHF,3,2015-12-22
1444,PHL,204,2015-12-22
1445,PHX,474,2015-12-22
1446,PIA,14,2015-12-22
1447,PIB,2,2015-12-22
1448,PIH,2,2015-12-22
1449,PIT,69,2015-12-22
1450,PLN,2,2015-12-22
1451,PNS,18,2015-12-22
1452,PSC,10,2015-12-22
1453,PSE,3,2015-12-22
1454,PSG,2,2015-12-22
1455,PSP,32,2015-12-22
1456,PVD,37,2015-12-22
1457,PWM,16,2015-12-22
1458,RAP,10,2015-12-22
1459,RDD,2,2015-12-22
1460,RDM,7,2015-12-22
1461,RDU,97,2015-12-22
1462,RHI,3,2015-12-22
1463,RIC,42,2015-12-22
1464,RKS,2,2015-12-22
1465,RNO,40,2015-12-22
1466,ROA,6,2015-12-22
1467,ROC,21,2015-12-22
1468,ROW,3,2015-12-22
1469,RST,4,2015-12-22
1470,RSW,114,2015-12-22
1471,SAF,3,2015-12-22
1472,SAN,215,2015-12-22
1473,SAT,86,2015-12-22
1474,SAV,17,2015-12-22
1475,SBA,14,2015-12-22
1476,SBN,13,2015-12-22
1477,SBP,7,2015-12-22
1478,SCC,3,2015-12-22
1479,SCE,3,2015-12-22
1480,SDF,27,2015-12-22
1481,SEA,366,2015-12-22
1482,SFO,483,2015-12-22
1483,SGF,18,2015-12-22
1484,SGU,6,2015-12-22
1485,SHV,19,2015-12-22
1486,SIT,3,2015-12-22
1487,SJC,112,2015-12-22
1488,SJT,5,2015-12-22
1489,SJU,91,2015-12-22
1490,SLC,314,2015-12-22
1491,SMF,113,2015-12-22
1492,SMX,2,2015-12-22
1493,SNA,124,2015-12-22
1494,SPI,5,2015-12-22
1495,SPS,3,2015-12-22
1496,SRQ,14,2015-12-22
1497,STL,148,2015-12-22
1498,STT,16,2015-12-22
1499,STX,3,2015-12-22
1500,SUN,5,2015-12-22
1501,SUX,2,2015-12-22
1502,SWF,2,2015-12-22
1503,SYR,19,2015-12-22
1504,TLH,8,2015-12-22
1505,TOL,3,2015-12-22
1506,TPA,207,2015-12-22
1507,TRI,5,2015-12-22
1508,TTN,10,2015-12-22
1509,TUL,39,2015-12-22
1510,TUS,47,2015-12-22
1511,TVC,7,2015-12-22
1512,TWF,3,2015-12-22
1513,TXK,3,2015-12-22
1514,TYR,5,2015-12-22
1515,TYS,20,2015-12-22
1516,VLD,3,2015-12-22
1517,VPS,15,2015-12-22
1518,WRG,2,2015-12-22
1519,XNA,26,2015-12-22
1520,YAK,2,2015-12-22
1521,YUM,6,2015-12-22
1522,ABE,3,2015-12-23
1523,ABI,7,2015-12-23
1524,ABQ,59,2015-12-23
1525,ABR,2,2015-12-23
1526,ABY,2,2015-12-23
1527,ACT,5,2015-12-23
1528,ACV,4,2015-12-23
1529,ACY,10,2015-12-23
1530,ADQ,1,2015-12-23
1531,AEX,10,2015-12-23
1532,AGS,7,2015-12-23
1533,ALB,27,2015-12-23
1534,ALO,2,2015-12-23
1535,AMA,9,2015-12-23
1536,ANC,42,2015-12-23
1537,APN,2,2015-12-23
1538,ASE,26,2015-12-23
1539,ATL,1033,2015-12-23
1540,ATW,9,2015-12-23
1541,AUS,132,2015-12-23
1542,AVL,8,2015-12-23
1543,AVP,4,2015-12-23
1544,AZO,6,2015-12-23
1545,BDL,61,2015-12-23
1546,BET,3,2015-12-23
1547,BFL,7,2015-12-23
1548,BGM,1,2015-12-23
1549,BGR,1,2015-12-23
1550,BHM,38,2015-12-23
1551,BIL,12,2015-12-23
1552,BIS,10,2015-12-23
1553,BJI,2,2015-12-23
1554,BLI,4,2015-12-23
1555,BMI,8,2015-12-23
1556,BNA,141,2015-12-23
1557,BOI,43,2015-12-23
1558,BOS,309,2015-12-23
1559,BPT,3,2015-12-23
1560,BQK,3,2015-12-23
1561,BQN,6,2015-12-23
1562,BRD,2,2015-12-23
1563,BRO,7,2015-12-23
1564,BRW,2,2015-12-23
1565,BTM,2,2015-12-23
1566,BTR,20,2015-12-23
1567,BTV,14,2015-12-23
1568,BUF,47,2015-12-23
1569,BUR,64,2015-12-23
1570,BWI,291,2015-12-23
1571,BZN,13,2015-12-23
1572,CAE,12,2015-12-23
1573,CAK,16,2015-12-23
1574,CDC,2,2015-12-23
1575,CDV,2,2015-12-23
1576,CHA,10,2015-12-23
1577,CHO,6,2015-12-23
1578,CHS,38,2015-12-23
1579,CID,18,2015-12-23
1580,CIU,2,2015-12-23
1581,CLE,95,2015-12-23
1582,CLL,5,2015-12-23
1583,CLT,316,2015-12-23
1584,CMH,71,2015-12-23
1585,CMI,7,2015-12-23
1586,CMX,2,2015-12-23
1587,COD,2,2015-12-23
1588,COS,22,2015-12-23
1589,COU,4,2015-12-23
1590,CPR,4,2015-12-23
1591,CRP,13,2015-12-23
1592,CRW,7,2015-12-23
1593,CSG,2,2015-12-23
1594,CVG,54,2015-12-23
1595,CWA,4,2015-12-23
1596,DAB,5,2015-12-23
1597,DAL,196,2015-12-23
1598,DAY,23,2015-12-23
1599,DBQ,3,2015-12-23
1600,DCA,213,2015-12-23
1601,DEN,639,2015-12-23
1602,DFW,689,2015-12-23
1603,DHN,4,2015-12-23
1604,DLH,5,2015-12-23
1605,DRO,5,2015-12-23
1606,DSM,26,2015-12-23
1607,DTW,292,2015-12-23
1608,DVL,2,2015-12-23
1609,EAU,2,2015-12-23
1610,ECP,11,2015-12-23
1611,EGE,11,2015-12-23
1612,EKO,2,2015-12-23
1613,ELM,4,2015-12-23
1614,ELP,38,2015-12-23
1615,ERI,2,2015-12-23
1616,ESC,2,2015-12-23
1617,EUG,11,2015-12-23
1618,EVV,10,2015-12-23
1619,EWN,2,2015-12-23
1620,EWR,336,2015-12-23
1621,EYW,6,2015-12-23
1622,FAI,6,2015-12-23
1623,FAR,19,2015-12-23
1624,FAT,17,2015-12-23
1625,FAY,4,2015-12-23
1626,FCA,6,2015-12-23
1627,FLG,6,2015-12-23
1628,FLL,272,2015-12-23
1629,FNT,13,2015-12-23
1630,FSD,9,2015-12-23
1631,FSM,6,2015-12-23
1632,FWA,15,2015-12-23
1633,GCC,3,2015-12-23
1634,GCK,2,2015-12-23
1635,GEG,31,2015-12-23
1636,GFK,4,2015-12-23
1637,GGG,2,2015-12-23
1638,GJT,10,2015-12-23
1639,GNV,8,2015-12-23
1640,GPT,9,2015-12-23
1641,GRB,12,2015-12-23
1642,GRI,2,2015-12-23
1643,GRK,11,2015-12-23
1644,GRR,27,2015-12-23
1645,GSO,12,2015-12-23
1646,GSP,21,2015-12-23
1647,GTF,5,2015-12-23
1648,GTR,2,2015-12-23
1649,GUC,4,2015-12-23
1650,GUM,1,2015-12-23
1651,HDN,8,2015-12-23
1652,HIB,3,2015-12-23
1653,HLN,4,2015-12-23
1654,HNL,137,2015-12-23
1655,HOB,2,2015-12-23
1656,HOU,169,2015-12-23
1657,HPN,19,2015-12-23
1658,HRL,9,2015-12-23
1659,HSV,13,2015-12-23
1660,HYS,2,2015-12-23
1661,IAD,96,2015-12-23
1662,IAG,1,2015-12-23
1663,IAH,429,2015-12-23
1664,ICT,25,2015-12-23
1665,IDA,7,2015-12-23
1666,ILM,5,2015-12-23
1667,IMT,2,2015-12-23
1668,IND,87,2015-12-23
1669,INL,1,2015-12-23
1670,ISN,6,2015-12-23
1671,ISP,16,2015-12-23
1672,ITH,2,2015-12-23
1673,ITO,17,2015-12-23
1674,JAC,19,2015-12-23
1675,JAN,20,2015-12-23
1676,JAX,61,2015-12-23
1677,JFK,291,2015-12-23
1678,JLN,2,2015-12-23
1679,JMS,3,2015-12-23
1680,JNU,10,2015-12-23
1681,KOA,34,2015-12-23
1682,KTN,6,2015-12-23
1683,LAN,4,2015-12-23
1684,LAR,2,2015-12-23
1685,LAS,384,2015-12-23
1686,LAW,4,2015-12-23
1687,LAX,588,2015-12-23
1688,LBB,15,2015-12-23
1689,LBE,3,2015-12-23
1690,LCH,6,2015-12-23
1691,LEX,14,2015-12-23
1692,LFT,12,2015-12-23
1693,LGA,274,2015-12-23
1694,LGB,26,2015-12-23
1695,LIH,35,2015-12-23
1696,LIT,30,2015-12-23
1697,LNK,8,2015-12-23
1698,LRD,6,2015-12-23
1699,LSE,6,2015-12-23
1700,LWS,2,2015-12-23
1701,MAF,17,2015-12-23
1702,MBS,6,2015-12-23
1703,MCI,116,2015-12-23
1704,MCO,379,2015-12-23
1705,MDT,9,2015-12-23
1706,MDW,262,2015-12-23
1707,MEI,3,2015-12-23
1708,MEM,36,2015-12-23
1709,MFE,7,2015-12-23
1710,MFR,9,2015-12-23
1711,MGM,9,2015-12-23
1712,MHK,5,2015-12-23
1713,MHT,16,2015-12-23
1714,MIA,224,2015-12-23
1715,MKE,85,2015-12-23
1716,MKG,2,2015-12-23
1717,MLB,5,2015-12-23
1718,MLI,9,2015-12-23
1719,MLU,9,2015-12-23
1720,MMH,1,2015-12-23
1721,MOB,15,2015-12-23
1722,MOT,3,2015-12-23
1723,MQT,3,2015-12-23
1724,MRY,7,2015-12-23
1725,MSN,23,2015-12-23
1726,MSO,6,2015-12-23
1727,MSP,319,2015-12-23
1728,MSY,121,2015-12-23
1729,MTJ,5,2015-12-23
1730,MYR,9,2015-12-23
1731,OAJ,4,2015-12-23
1732,OAK,141,2015-12-23
1733,OGG,67,2015-12-23
1734,OKC,50,2015-12-23
1735,OMA,60,2015-12-23
1736,OME,2,2015-12-23
1737,ONT,54,2015-12-23
1738,ORD,866,2015-12-23
1739,ORF,34,2015-12-23
1740,ORH,2,2015-12-23
1741,OTH,1,2015-12-23
1742,OTZ,2,2015-12-23
1743,PAH,2,2015-12-23
1744,PBG,1,2015-12-23
1745,PBI,98,2015-12-23
1746,PDX,159,2015-12-23
1747,PHF,3,2015-12-23
1748,PHL,204,2015-12-23
1749,PHX,474,2015-12-23
1750,PIA,14,2015-12-23
1751,PIB,2,2015-12-23
1752,PIH,2,2015-12-23
1753,PIT,72,2015-12-23
1754,PLN,2,2015-12-23
1755,PNS,18,2015-12-23
1756,PPG,1,2015-12-23
1757,PSC,10,2015-12-23
1758,PSE,3,2015-12-23
1759,PSG,2,2015-12-23
1760,PSP,31,2015-12-23
1761,PVD,39,2015-12-23
1762,PWM,16,2015-12-23
1763,RAP,10,2015-12-23
1764,RDD,2,2015-12-23
1765,RDM,7,2015-12-23
1766,RDU,96,2015-12-23
1767,RHI,3,2015-12-23
1768,RIC,44,2015-12-23
1769,RKS,2,2015-12-23
1770,RNO,41,2015-12-23
1771,ROA,6,2015-12-23
1772,ROC,21,2015-12-23
1773,ROW,3,2015-12-23
1774,RST,4,2015-12-23
1775,RSW,115,2015-12-23
1776,SAF,3,2015-12-23
1777,SAN,227,2015-12-23
1778,SAT,89,2015-12-23
1779,SAV,18,2015-12-23
1780,SBA,14,2015-12-23
1781,SBN,13,2015-12-23
1782,SBP,7,2015-12-23
1783,SCC,2,2015-12-23
1784,SCE,3,2015-12-23
1785,SDF,34,2015-12-23
1786,SEA,368,2015-12-23
1787,SFO,489,2015-12-23
1788,SGF,19,2015-12-23
1789,SGU,6,2015-12-23
1790,SHV,19,2015-12-23
1791,SIT,3,2015-12-23
1792,SJC,118,2015-12-23
1793,SJT,5,2015-12-23
1794,SJU,93,2015-12-23
1795,SLC,311,2015-12-23
1796,SMF,110,2015-12-23
1797,SMX,2,2015-12-23
1798,SNA,127,2015-12-23
1799,SPI,5,2015-12-23
1800,SPS,3,2015-12-23
1801,SRQ,14,2015-12-23
1802,STL,150,2015-12-23
1803,STT,16,2015-12-23
1804,STX,4,2015-12-23
1805,SUN,5,2015-12-23
1806,SUX,2,2015-12-23
1807,SWF,2,2015-12-23
1808,SYR,20,2015-12-23
1809,TLH,8,2015-12-23
1810,TOL,3,2015-12-23
1811,TPA,221,2015-12-23
1812,TRI,5,2015-12-23
1813,TTN,9,2015-12-23
1814,TUL,40,2015-12-23
1815,TUS,52,2015-12-23
1816,TVC,7,2015-12-23
1817,TWF,3,2015-12-23
1818,TXK,3,2015-12-23
1819,TYR,5,2015-12-23
1820,TYS,18,2015-12-23
1821,UST,1,2015-12-23
1822,VLD,3,2015-12-23
1823,VPS,15,2015-12-23
1824,WRG,2,2015-12-23
1825,XNA,26,2015-12-23
1826,YAK,2,2015-12-23
1827,YUM,6,2015-12-23
1828,ABE,2,2015-12-24
1829,ABI,7,2015-12-24
1830,ABQ,48,2015-12-24
1831,ABR,2,2015-12-24
1832,ABY,1,2015-12-24
1833,ACT,5,2015-12-24
1834,ACV,3,2015-12-24
1835,ACY,10,2015-12-24
1836,ADK,1,2015-12-24
1837,ADQ,1,2015-12-24
1838,AEX,7,2015-12-24
1839,AGS,6,2015-12-24
1840,ALB,19,2015-12-24
1841,ALO,2,2015-12-24
1842,AMA,8,2015-12-24
1843,ANC,41,2015-12-24
1844,APN,2,2015-12-24
1845,ASE,21,2015-12-24
1846,ATL,803,2015-12-24
1847,ATW,5,2015-12-24
1848,AUS,113,2015-12-24
1849,AVL,6,2015-12-24
1850,AVP,2,2015-12-24
1851,AZO,5,2015-12-24
1852,BDL,50,2015-12-24
1853,BET,2,2015-12-24
1854,BFL,5,2015-12-24
1855,BGM,1,2015-12-24
1856,BGR,3,2015-12-24
1857,BHM,28,2015-12-24
1858,BIL,10,2015-12-24
1859,BIS,9,2015-12-24
1860,BJI,2,2015-12-24
1861,BLI,3,2015-12-24
1862,BMI,7,2015-12-24
1863,BNA,106,2015-12-24
1864,BOI,33,2015-12-24
1865,BOS,238,2015-12-24
1866,BPT,2,2015-12-24
1867,BQK,1,2015-12-24
1868,BQN,5,2015-12-24
1869,BRD,2,2015-12-24
1870,BRO,6,2015-12-24
1871,BRW,2,2015-12-24
1872,BTM,2,2015-12-24
1873,BTR,15,2015-12-24
1874,BTV,10,2015-12-24
1875,BUF,43,2015-12-24
1876,BUR,47,2015-12-24
1877,BWI,219,2015-12-24
1878,BZN,14,2015-12-24
1879,CAE,10,2015-12-24
1880,CAK,12,2015-12-24
1881,CDC,2,2015-12-24
1882,CDV,2,2015-12-24
1883,CHA,8,2015-12-24
1884,CHO,5,2015-12-24
1885,CHS,26,2015-12-24
1886,CID,14,2015-12-24
1887,CIU,2,2015-12-24
1888,CLE,72,2015-12-24
1889,CLL,5,2015-12-24
1890,CLT,267,2015-12-24
1891,CMH,52,2015-12-24
1892,CMI,7,2015-12-24
1893,CMX,2,2015-12-24
1894,COD,1,2015-12-24
1895,COS,18,2015-12-24
1896,COU,4,2015-12-24
1897,CPR,2,2015-12-24
1898,CRP,10,2015-12-24
1899,CRW,4,2015-12-24
1900,CSG,1,2015-12-24
1901,CVG,36,2015-12-24
1902,CWA,3,2015-12-24
1903,DAB,4,2015-12-24
1904,DAL,165,2015-12-24
1905,DAY,18,2015-12-24
1906,DBQ,3,2015-12-24
1907,DCA,159,2015-12-24
1908,DEN,486,2015-12-24
1909,DFW,615,2015-12-24
1910,DHN,3,2015-12-24
1911,DLH,5,2015-12-24
1912,DRO,5,2015-12-24
1913,DSM,19,2015-12-24
1914,DTW,197,2015-12-24
1915,DVL,2,2015-12-24
1916,EAU,2,2015-12-24
1917,ECP,7,2015-12-24
1918,EGE,11,2015-12-24
1919,EKO,1,2015-12-24
1920,ELM,4,2015-12-24
1921,ELP,28,2015-12-24
1922,ERI,1,2015-12-24
1923,ESC,2,2015-12-24
1924,EUG,7,2015-12-24
1925,EVV,7,2015-12-24
1926,EWN,2,2015-12-24
1927,EWR,235,2015-12-24
1928,EYW,4,2015-12-24
1929,FAI,6,2015-12-24
1930,FAR,15,2015-12-24
1931,FAT,15,2015-12-24
1932,FAY,3,2015-12-24
1933,FCA,3,2015-12-24
1934,FLG,5,2015-12-24
1935,FLL,242,2015-12-24
1936,FNT,12,2015-12-24
1937,FSD,10,2015-12-24
1938,FSM,5,2015-12-24
1939,FWA,13,2015-12-24
1940,GCC,3,2015-12-24
1941,GCK,2,2015-12-24
1942,GEG,23,2015-12-24
1943,GFK,2,2015-12-24
1944,GGG,2,2015-12-24
1945,GJT,9,2015-12-24
1946,GNV,7,2015-12-24
1947,GPT,7,2015-12-24
1948,GRB,8,2015-12-24
1949,GRI,2,2015-12-24
1950,GRK,10,2015-12-24
1951,GRR,24,2015-12-24
1952,GSO,8,2015-12-24
1953,GSP,14,2015-12-24
1954,GTF,4,2015-12-24
1955,GTR,2,2015-12-24
1956,GUC,2,2015-12-24
1957,GUM,1,2015-12-24
1958,HDN,6,2015-12-24
1959,HIB,3,2015-12-24
1960,HLN,3,2015-12-24
1961,HNL,132,2015-12-24
1962,HOB,2,2015-12-24
1963,HOU,126,2015-12-24
1964,HPN,16,2015-12-24
1965,HRL,6,2015-12-24
1966,HSV,8,2015-12-24
1967,HYS,2,2015-12-24
1968,IAD,70,2015-12-24
1969,IAG,1,2015-12-24
1970,IAH,342,2015-12-24
1971,ICT,20,2015-12-24
1972,IDA,5,2015-12-24
1973,ILM,5,2015-12-24
1974,IMT,2,2015-12-24
1975,IND,68,2015-12-24
1976,INL,2,2015-12-24
1977,ISN,5,2015-12-24
1978,ISP,12,2015-12-24
1979,ITH,1,2015-12-24
1980,ITO,17,2015-12-24
1981,JAC,16,2015-12-24
1982,JAN,16,2015-12-24
1983,JAX,48,2015-12-24
1984,JFK,254,2015-12-24
1985,JLN,2,2015-12-24
1986,JMS,3,2015-12-24
1987,JNU,8,2015-12-24
1988,KOA,32,2015-12-24
1989,KTN,6,2015-12-24
1990,LAN,4,2015-12-24
1991,LAR,2,2015-12-24
1992,LAS,355,2015-12-24
1993,LAW,4,2015-12-24
1994,LAX,484,2015-12-24
1995,LBB,10,2015-12-24
1996,LBE,3,2015-12-24
1997,LCH,4,2015-12-24
1998,LEX,11,2015-12-24
1999,LFT,9,2015-12-24
2000,LGA,209,2015-12-24
2001,LGB,23,2015-12-24
2002,LIH,32,2015-12-24
2003,LIT,27,2015-12-24
2004,LNK,4,2015-12-24
2005,LRD,4,2015-12-24
2006,LSE,5,2015-12-24
2007,LWS,2,2015-12-24
2008,MAF,13,2015-12-24
2009,MBS,4,2015-12-24
2010,MCI,91,2015-12-24
2011,MCO,323,2015-12-24
2012,MDT,7,2015-12-24
2013,MDW,195,2015-12-24
2014,MEI,3,2015-12-24
2015,MEM,31,2015-12-24
2016,MFE,6,2015-12-24
2017,MFR,7,2015-12-24
2018,MGM,6,2015-12-24
2019,MHK,5,2015-12-24
2020,MHT,13,2015-12-24
2021,MIA,213,2015-12-24
2022,MKE,70,2015-12-24
2023,MKG,2,2015-12-24
2024,MLB,4,2015-12-24
2025,MLI,7,2015-12-24
2026,MLU,6,2015-12-24
2027,MMH,1,2015-12-24
2028,MOB,10,2015-12-24
2029,MOT,3,2015-12-24
2030,MQT,2,2015-12-24
2031,MRY,6,2015-12-24
2032,MSN,18,2015-12-24
2033,MSO,6,2015-12-24
2034,MSP,241,2015-12-24
2035,MSY,92,2015-12-24
2036,MTJ,6,2015-12-24
2037,MYR,9,2015-12-24
2038,OAJ,3,2015-12-24
2039,OAK,114,2015-12-24
2040,OGG,64,2015-12-24
2041,OKC,44,2015-12-24
2042,OMA,41,2015-12-24
2043,OME,2,2015-12-24
2044,ONT,42,2015-12-24
2045,ORD,744,2015-12-24
2046,ORF,20,2015-12-24
2047,ORH,2,2015-12-24
2048,OTH,1,2015-12-24
2049,OTZ,2,2015-12-24
2050,PAH,2,2015-12-24
2051,PBG,1,2015-12-24
2052,PBI,84,2015-12-24
2053,PDX,135,2015-12-24
2054,PHF,3,2015-12-24
2055,PHL,164,2015-12-24
2056,PHX,417,2015-12-24
2057,PIA,11,2015-12-24
2058,PIB,2,2015-12-24
2059,PIH,2,2015-12-24
2060,PIT,57,2015-12-24
2061,PLN,2,2015-12-24
2062,PNS,14,2015-12-24
2063,PSC,8,2015-12-24
2064,PSE,3,2015-12-24
2065,PSG,2,2015-12-24
2066,PSP,27,2015-12-24
2067,PVD,27,2015-12-24
2068,PWM,11,2015-12-24
2069,RAP,9,2015-12-24
2070,RDD,2,2015-12-24
2071,RDM,7,2015-12-24
2072,RDU,74,2015-12-24
2073,RHI,3,2015-12-24
2074,RIC,35,2015-12-24
2075,RKS,2,2015-12-24
2076,RNO,32,2015-12-24
2077,ROA,4,2015-12-24
2078,ROC,21,2015-12-24
2079,ROW,3,2015-12-24
2080,RST,4,2015-12-24
2081,RSW,102,2015-12-24
2082,SAF,3,2015-12-24
2083,SAN,184,2015-12-24
2084,SAT,71,2015-12-24
2085,SAV,17,2015-12-24
2086,SBA,10,2015-12-24
2087,SBN,8,2015-12-24
2088,SBP,5,2015-12-24
2089,SCC,2,2015-12-24
2090,SCE,2,2015-12-24
2091,SDF,20,2015-12-24
2092,SEA,315,2015-12-24
2093,SFO,362,2015-12-24
2094,SGF,16,2015-12-24
2095,SGU,5,2015-12-24
2096,SHV,16,2015-12-24
2097,SIT,2,2015-12-24
2098,SJC,81,2015-12-24
2099,SJT,5,2015-12-24
2100,SJU,89,2015-12-24
2101,SLC,236,2015-12-24
2102,SMF,86,2015-12-24
2103,SMX,2,2015-12-24
2104,SNA,96,2015-12-24
2105,SPI,4,2015-12-24
2106,SPS,3,2015-12-24
2107,SRQ,12,2015-12-24
2108,STL,111,2015-12-24
2109,STT,16,2015-12-24
2110,STX,3,2015-12-24
2111,SUN,4,2015-12-24
2112,SUX,2,2015-12-24
2113,SWF,4,2015-12-24
2114,SYR,16,2015-12-24
2115,TLH,6,2015-12-24
2116,TOL,3,2015-12-24
2117,TPA,178,2015-12-24
2118,TRI,4,2015-12-24
2119,TTN,8,2015-12-24
2120,TUL,32,2015-12-24
2121,TUS,44,2015-12-24
2122,TVC,6,2015-12-24
2123,TWF,2,2015-12-24
2124,TXK,3,2015-12-24
2125,TYR,5,2015-12-24
2126,TYS,15,2015-12-24
2127,VLD,2,2015-12-24
2128,VPS,13,2015-12-24
2129,WRG,2,2015-12-24
2130,XNA,18,2015-12-24
2131,YAK,2,2015-12-24
2132,YUM,6,2015-12-24
2133,ABE,2,2015-12-25
2134,ABI,6,2015-12-25
2135,ABQ,44,2015-12-25
2136,ABR,2,2015-12-25
2137,ABY,1,2015-12-25
2138,ACT,4,2015-12-25
2139,ACV,4,2015-12-25
2140,ACY,10,2015-12-25
2141,AEX,6,2015-12-25
2142,AGS,3,2015-12-25
2143,ALB,21,2015-12-25
2144,ALO,2,2015-12-25
2145,AMA,6,2015-12-25
2146,ANC,27,2015-12-25
2147,APN,2,2015-12-25
2148,ASE,21,2015-12-25
2149,ATL,700,2015-12-25
2150,ATW,4,2015-12-25
2151,AUS,98,2015-12-25
2152,AVL,4,2015-12-25
2153,AVP,2,2015-12-25
2154,AZO,5,2015-12-25
2155,BDL,44,2015-12-25
2156,BFL,5,2015-12-25
2157,BGM,1,2015-12-25
2158,BHM,25,2015-12-25
2159,BIL,7,2015-12-25
2160,BIS,6,2015-12-25
2161,BJI,2,2015-12-25
2162,BLI,4,2015-12-25
2163,BMI,6,2015-12-25
2164,BNA,100,2015-12-25
2165,BOI,33,2015-12-25
2166,BOS,225,2015-12-25
2167,BPT,3,2015-12-25
2168,BQK,1,2015-12-25
2169,BQN,6,2015-12-25
2170,BRD,2,2015-12-25
2171,BRO,5,2015-12-25
2172,BRW,1,2015-12-25
2173,BTM,1,2015-12-25
2174,BTR,14,2015-12-25
2175,BTV,6,2015-12-25
2176,BUF,36,2015-12-25
2177,BUR,37,2015-12-25
2178,BWI,221,2015-12-25
2179,BZN,12,2015-12-25
2180,CAE,8,2015-12-25
2181,CAK,10,2015-12-25
2182,CDC,1,2015-12-25
2183,CHA,6,2015-12-25
2184,CHO,3,2015-12-25
2185,CHS,24,2015-12-25
2186,CID,11,2015-12-25
2187,CIU,2,2015-12-25
2188,CLE,68,2015-12-25
2189,CLL,4,2015-12-25
2190,CLT,303,2015-12-25
2191,CMH,49,2015-12-25
2192,CMI,7,2015-12-25
2193,CMX,2,2015-12-25
2194,COD,1,2015-12-25
2195,COS,14,2015-12-25
2196,COU,4,2015-12-25
2197,CPR,2,2015-12-25
2198,CRP,8,2015-12-25
2199,CRW,3,2015-12-25
2200,CVG,35,2015-12-25
2201,CWA,3,2015-12-25
2202,DAB,3,2015-12-25
2203,DAL,151,2015-12-25
2204,DAY,15,2015-12-25
2205,DBQ,3,2015-12-25
2206,DCA,148,2015-12-25
2207,DEN,474,2015-12-25
2208,DFW,640,2015-12-25
2209,DHN,2,2015-12-25
2210,DLH,4,2015-12-25
2211,DRO,5,2015-12-25
2212,DSM,19,2015-12-25
2213,DTW,191,2015-12-25
2214,DVL,2,2015-12-25
2215,EAU,2,2015-12-25
2216,ECP,6,2015-12-25
2217,EGE,10,2015-12-25
2218,EKO,1,2015-12-25
2219,ELM,3,2015-12-25
2220,ELP,27,2015-12-25
2221,ERI,1,2015-12-25
2222,ESC,2,2015-12-25
2223,EUG,7,2015-12-25
2224,EVV,6,2015-12-25
2225,EWN,1,2015-12-25
2226,EWR,223,2015-12-25
2227,EYW,4,2015-12-25
2228,FAI,5,2015-12-25
2229,FAR,14,2015-12-25
2230,FAT,16,2015-12-25
2231,FAY,2,2015-12-25
2232,FCA,4,2015-12-25
2233,FLG,5,2015-12-25
2234,FLL,243,2015-12-25
2235,FNT,11,2015-12-25
2236,FSD,6,2015-12-25
2237,FSM,4,2015-12-25
2238,FWA,12,2015-12-25
2239,GCC,3,2015-12-25
2240,GCK,1,2015-12-25
2241,GEG,21,2015-12-25
2242,GFK,1,2015-12-25
2243,GGG,2,2015-12-25
2244,GJT,9,2015-12-25
2245,GNV,6,2015-12-25
2246,GPT,6,2015-12-25
2247,GRB,7,2015-12-25
2248,GRI,2,2015-12-25
2249,GRK,8,2015-12-25
2250,GRR,21,2015-12-25
2251,GSO,8,2015-12-25
2252,GSP,13,2015-12-25
2253,GTF,3,2015-12-25
2254,GTR,1,2015-12-25
2255,GUC,3,2015-12-25
2256,GUM,1,2015-12-25
2257,HDN,6,2015-12-25
2258,HIB,3,2015-12-25
2259,HLN,3,2015-12-25
2260,HNL,137,2015-12-25
2261,HOB,1,2015-12-25
2262,HOU,120,2015-12-25
2263,HPN,17,2015-12-25
2264,HRL,8,2015-12-25
2265,HSV,10,2015-12-25
2266,HYS,1,2015-12-25
2267,IAD,73,2015-12-25
2268,IAG,1,2015-12-25
2269,IAH,324,2015-12-25
2270,ICT,18,2015-12-25
2271,IDA,4,2015-12-25
2272,ILM,4,2015-12-25
2273,IMT,2,2015-12-25
2274,IND,59,2015-12-25
2275,INL,2,2015-12-25
2276,ISN,3,2015-12-25
2277,ISP,12,2015-12-25
2278,ITH,1,2015-12-25
2279,ITO,17,2015-12-25
2280,JAC,14,2015-12-25
2281,JAN,17,2015-12-25
2282,JAX,50,2015-12-25
2283,JFK,249,2015-12-25
2284,JLN,2,2015-12-25
2285,JMS,3,2015-12-25
2286,JNU,6,2015-12-25
2287,KOA,34,2015-12-25
2288,KTN,4,2015-12-25
2289,LAN,3,2015-12-25
2290,LAR,1,2015-12-25
2291,LAS,339,2015-12-25
2292,LAW,3,2015-12-25
2293,LAX,479,2015-12-25
2294,LBB,9,2015-12-25
2295,LBE,3,2015-12-25
2296,LCH,4,2015-12-25
2297,LEX,7,2015-12-25
2298,LFT,8,2015-12-25
2299,LGA,196,2015-12-25
2300,LGB,21,2015-12-25
2301,LIH,34,2015-12-25
2302,LIT,22,2015-12-25
2303,LNK,2,2015-12-25
2304,LRD,5,2015-12-25
2305,LSE,4,2015-12-25
2306,LWS,1,2015-12-25
2307,MAF,11,2015-12-25
2308,MBS,4,2015-12-25
2309,MCI,83,2015-12-25
2310,MCO,325,2015-12-25
2311,MDT,4,2015-12-25
2312,MDW,188,2015-12-25
2313,MEI,3,2015-12-25
2314,MEM,27,2015-12-25
2315,MFE,4,2015-12-25
2316,MFR,6,2015-12-25
2317,MGM,6,2015-12-25
2318,MHK,5,2015-12-25
2319,MHT,12,2015-12-25
2320,MIA,212,2015-12-25
2321,MKE,64,2015-12-25
2322,MKG,1,2015-12-25
2323,MLB,3,2015-12-25
2324,MLI,8,2015-12-25
2325,MLU,6,2015-12-25
2326,MMH,1,2015-12-25
2327,MOB,11,2015-12-25
2328,MOT,3,2015-12-25
2329,MQT,2,2015-12-25
2330,MRY,4,2015-12-25
2331,MSN,17,2015-12-25
2332,MSO,5,2015-12-25
2333,MSP,211,2015-12-25
2334,MSY,85,2015-12-25
2335,MTJ,5,2015-12-25
2336,MYR,9,2015-12-25
2337,OAJ,2,2015-12-25
2338,OAK,100,2015-12-25
2339,OGG,67,2015-12-25
2340,OKC,37,2015-12-25
2341,OMA,43,2015-12-25
2342,ONT,38,2015-12-25
2343,ORD,659,2015-12-25
2344,ORF,18,2015-12-25
2345,ORH,2,2015-12-25
2346,PAH,1,2015-12-25
2347,PBG,1,2015-12-25
2348,PBI,80,2015-12-25
2349,PDX,135,2015-12-25
2350,PHF,2,2015-12-25
2351,PHL,149,2015-12-25
2352,PHX,393,2015-12-25
2353,PIA,12,2015-12-25
2354,PIB,2,2015-12-25
2355,PIH,1,2015-12-25
2356,PIT,53,2015-12-25
2357,PLN,2,2015-12-25
2358,PNS,15,2015-12-25
2359,PPG,1,2015-12-25
2360,PSC,9,2015-12-25
2361,PSE,3,2015-12-25
2362,PSP,28,2015-12-25
2363,PVD,29,2015-12-25
2364,PWM,10,2015-12-25
2365,RAP,7,2015-12-25
2366,RDD,1,2015-12-25
2367,RDM,6,2015-12-25
2368,RDU,77,2015-12-25
2369,RHI,3,2015-12-25
2370,RIC,33,2015-12-25
2371,RKS,1,2015-12-25
2372,RNO,28,2015-12-25
2373,ROA,4,2015-12-25
2374,ROC,20,2015-12-25
2375,ROW,2,2015-12-25
2376,RST,3,2015-12-25
2377,RSW,103,2015-12-25
2378,SAF,2,2015-12-25
2379,SAN,174,2015-12-25
2380,SAT,64,2015-12-25
2381,SAV,13,2015-12-25
2382,SBA,10,2015-12-25
2383,SBN,7,2015-12-25
2384,SBP,7,2015-12-25
2385,SCC,1,2015-12-25
2386,SCE,2,2015-12-25
2387,SDF,18,2015-12-25
2388,SEA,299,2015-12-25
2389,SFO,378,2015-12-25
2390,SGF,16,2015-12-25
2391,SGU,3,2015-12-25
2392,SHV,12,2015-12-25
2393,SIT,2,2015-12-25
2394,SJC,80,2015-12-25
2395,SJT,4,2015-12-25
2396,SJU,92,2015-12-25
2397,SLC,202,2015-12-25
2398,SMF,78,2015-12-25
2399,SMX,1,2015-12-25
2400,SNA,93,2015-12-25
2401,SPI,4,2015-12-25
2402,SPS,2,2015-12-25
2403,SRQ,12,2015-12-25
2404,STL,103,2015-12-25
2405,STT,19,2015-12-25
2406,STX,3,2015-12-25
2407,SUN,4,2015-12-25
2408,SUX,2,2015-12-25
2409,SWF,2,2015-12-25
2410,SYR,14,2015-12-25
2411,TLH,5,2015-12-25
2412,TOL,2,2015-12-25
2413,TPA,179,2015-12-25
2414,TRI,4,2015-12-25
2415,TTN,8,2015-12-25
2416,TUL,26,2015-12-25
2417,TUS,42,2015-12-25
2418,TVC,4,2015-12-25
2419,TWF,2,2015-12-25
2420,TXK,2,2015-12-25
2421,TYR,4,2015-12-25
2422,TYS,14,2015-12-25
2423,UST,1,2015-12-25
2424,VLD,1,2015-12-25
2425,VPS,12,2015-12-25
2426,XNA,14,2015-12-25
2427,YUM,6,2015-12-25
2428,ABE,3,2015-12-26
2429,ABI,6,2015-12-26
2430,ABQ,57,2015-12-26
2431,ABR,2,2015-12-26
2432,ABY,2,2015-12-26
2433,ACT,5,2015-12-26
2434,ACV,5,2015-12-26
2435,ACY,10,2015-12-26
2436,ADQ,1,2015-12-26
2437,AEX,9,2015-12-26
2438,AGS,6,2015-12-26
2439,ALB,23,2015-12-26
2440,ALO,1,2015-12-26
2441,AMA,10,2015-12-26
2442,ANC,44,2015-12-26
2443,APN,1,2015-12-26
2444,ASE,27,2015-12-26
2445,ATL,969,2015-12-26
2446,ATW,8,2015-12-26
2447,AUS,121,2015-12-26
2448,AVL,6,2015-12-26
2449,AVP,4,2015-12-26
2450,AZO,4,2015-12-26
2451,BDL,52,2015-12-26
2452,BET,2,2015-12-26
2453,BFL,6,2015-12-26
2454,BGM,1,2015-12-26
2455,BHM,34,2015-12-26
2456,BIL,10,2015-12-26
2457,BIS,12,2015-12-26
2458,BJI,2,2015-12-26
2459,BLI,3,2015-12-26
2460,BMI,8,2015-12-26
2461,BNA,130,2015-12-26
2462,BOI,39,2015-12-26
2463,BOS,253,2015-12-26
2464,BPT,3,2015-12-26
2465,BQK,2,2015-12-26
2466,BQN,5,2015-12-26
2467,BRD,1,2015-12-26
2468,BRO,6,2015-12-26
2469,BRW,3,2015-12-26
2470,BTM,2,2015-12-26
2471,BTR,19,2015-12-26
2472,BTV,12,2015-12-26
2473,BUF,44,2015-12-26
2474,BUR,52,2015-12-26
2475,BWI,265,2015-12-26
2476,BZN,19,2015-12-26
2477,CAE,11,2015-12-26
2478,CAK,16,2015-12-26
2479,CDC,1,2015-12-26
2480,CDV,2,2015-12-26
2481,CHA,10,2015-12-26
2482,CHO,6,2015-12-26
2483,CHS,35,2015-12-26
2484,CID,15,2015-12-26
2485,CIU,2,2015-12-26
2486,CLE,82,2015-12-26
2487,CLL,5,2015-12-26
2488,CLT,263,2015-12-26
2489,CMH,63,2015-12-26
2490,CMI,5,2015-12-26
2491,CMX,2,2015-12-26
2492,COD,1,2015-12-26
2493,COS,19,2015-12-26
2494,COU,4,2015-12-26
2495,CPR,4,2015-12-26
2496,CRP,13,2015-12-26
2497,CRW,6,2015-12-26
2498,CSG,2,2015-12-26
2499,CVG,53,2015-12-26
2500,CWA,3,2015-12-26
2501,DAB,5,2015-12-26
2502,DAL,177,2015-12-26
2503,DAY,21,2015-12-26
2504,DBQ,2,2015-12-26
2505,DCA,175,2015-12-26
2506,DEN,597,2015-12-26
2507,DFW,653,2015-12-26
2508,DHN,3,2015-12-26
2509,DLH,5,2015-12-26
2510,DRO,7,2015-12-26
2511,DSM,25,2015-12-26
2512,DTW,292,2015-12-26
2513,DVL,1,2015-12-26
2514,EAU,2,2015-12-26
2515,ECP,12,2015-12-26
2516,EGE,15,2015-12-26
2517,EKO,1,2015-12-26
2518,ELM,4,2015-12-26
2519,ELP,33,2015-12-26
2520,ERI,2,2015-12-26
2521,ESC,1,2015-12-26
2522,EUG,10,2015-12-26
2523,EVV,8,2015-12-26
2524,EWN,1,2015-12-26
2525,EWR,271,2015-12-26
2526,EYW,7,2015-12-26
2527,FAI,6,2015-12-26
2528,FAR,20,2015-12-26
2529,FAT,19,2015-12-26
2530,FAY,4,2015-12-26
2531,FCA,7,2015-12-26
2532,FLG,6,2015-12-26
2533,FLL,277,2015-12-26
2534,FNT,14,2015-12-26
2535,FSD,8,2015-12-26
2536,FSM,5,2015-12-26
2537,FWA,13,2015-12-26
2538,GCC,2,2015-12-26
2539,GCK,2,2015-12-26
2540,GEG,25,2015-12-26
2541,GFK,4,2015-12-26
2542,GGG,2,2015-12-26
2543,GJT,13,2015-12-26
2544,GNV,6,2015-12-26
2545,GPT,9,2015-12-26
2546,GRB,9,2015-12-26
2547,GRI,2,2015-12-26
2548,GRK,11,2015-12-26
2549,GRR,25,2015-12-26
2550,GSO,13,2015-12-26
2551,GSP,18,2015-12-26
2552,GTF,6,2015-12-26
2553,GTR,2,2015-12-26
2554,GUC,5,2015-12-26
2555,GUM,1,2015-12-26
2556,HDN,12,2015-12-26
2557,HIB,2,2015-12-26
2558,HLN,4,2015-12-26
2559,HNL,136,2015-12-26
2560,HOB,1,2015-12-26
2561,HOU,157,2015-12-26
2562,HPN,19,2015-12-26
2563,HRL,8,2015-12-26
2564,HSV,10,2015-12-26
2565,HYS,1,2015-12-26
2566,IAD,87,2015-12-26
2567,IAG,1,2015-12-26
2568,IAH,393,2015-12-26
2569,ICT,23,2015-12-26
2570,IDA,7,2015-12-26
2571,ILM,5,2015-12-26
2572,IMT,2,2015-12-26
2573,IND,70,2015-12-26
2574,INL,2,2015-12-26
2575,ISN,5,2015-12-26
2576,ISP,16,2015-12-26
2577,ITH,2,2015-12-26
2578,ITO,15,2015-12-26
2579,JAC,22,2015-12-26
2580,JAN,16,2015-12-26
2581,JAX,56,2015-12-26
2582,JFK,268,2015-12-26
2583,JLN,2,2015-12-26
2584,JMS,1,2015-12-26
2585,JNU,10,2015-12-26
2586,KOA,37,2015-12-26
2587,KTN,6,2015-12-26
2588,LAN,5,2015-12-26
2589,LAR,1,2015-12-26
2590,LAS,385,2015-12-26
2591,LAW,4,2015-12-26
2592,LAX,566,2015-12-26
2593,LBB,14,2015-12-26
2594,LBE,3,2015-12-26
2595,LCH,5,2015-12-26
2596,LEX,11,2015-12-26
2597,LFT,12,2015-12-26
2598,LGA,228,2015-12-26
2599,LGB,26,2015-12-26
2600,LIH,37,2015-12-26
2601,LIT,28,2015-12-26
2602,LNK,6,2015-12-26
2603,LRD,5,2015-12-26
2604,LSE,5,2015-12-26
2605,LWS,2,2015-12-26
2606,MAF,14,2015-12-26
2607,MBS,4,2015-12-26
2608,MCI,107,2015-12-26
2609,MCO,388,2015-12-26
2610,MDT,8,2015-12-26
2611,MDW,247,2015-12-26
2612,MEI,2,2015-12-26
2613,MEM,36,2015-12-26
2614,MFE,5,2015-12-26
2615,MFR,7,2015-12-26
2616,MGM,7,2015-12-26
2617,MHK,5,2015-12-26
2618,MHT,15,2015-12-26
2619,MIA,219,2015-12-26
2620,MKE,73,2015-12-26
2621,MKG,2,2015-12-26
2622,MLB,5,2015-12-26
2623,MLI,7,2015-12-26
2624,MLU,8,2015-12-26
2625,MMH,2,2015-12-26
2626,MOB,14,2015-12-26
2627,MOT,4,2015-12-26
2628,MQT,2,2015-12-26
2629,MRY,7,2015-12-26
2630,MSN,24,2015-12-26
2631,MSO,6,2015-12-26
2632,MSP,306,2015-12-26
2633,MSY,109,2015-12-26
2634,MTJ,11,2015-12-26
2635,MYR,9,2015-12-26
2636,OAJ,3,2015-12-26
2637,OAK,128,2015-12-26
2638,OGG,71,2015-12-26
2639,OKC,46,2015-12-26
2640,OMA,50,2015-12-26
2641,OME,2,2015-12-26
2642,ONT,49,2015-12-26
2643,ORD,751,2015-12-26
2644,ORF,28,2015-12-26
2645,ORH,2,2015-12-26
2646,OTZ,2,2015-12-26
2647,PAH,2,2015-12-26
2648,PBG,1,2015-12-26
2649,PBI,90,2015-12-26
2650,PDX,148,2015-12-26
2651,PHF,3,2015-12-26
2652,PHL,175,2015-12-26
2653,PHX,450,2015-12-26
2654,PIA,13,2015-12-26
2655,PIB,1,2015-12-26
2656,PIH,1,2015-12-26
2657,PIT,61,2015-12-26
2658,PLN,2,2015-12-26
2659,PNS,17,2015-12-26
2660,PSC,8,2015-12-26
2661,PSE,3,2015-12-26
2662,PSG,2,2015-12-26
2663,PSP,35,2015-12-26
2664,PVD,31,2015-12-26
2665,PWM,14,2015-12-26
2666,RAP,10,2015-12-26
2667,RDD,2,2015-12-26
2668,RDM,6,2015-12-26
2669,RDU,85,2015-12-26
2670,RHI,3,2015-12-26
2671,RIC,35,2015-12-26
2672,RKS,1,2015-12-26
2673,RNO,39,2015-12-26
2674,ROA,6,2015-12-26
2675,ROC,20,2015-12-26
2676,ROW,3,2015-12-26
2677,RST,4,2015-12-26
2678,RSW,123,2015-12-26
2679,SAF,3,2015-12-26
2680,SAN,207,2015-12-26
2681,SAT,87,2015-12-26
2682,SAV,20,2015-12-26
2683,SBA,14,2015-12-26
2684,SBN,13,2015-12-26
2685,SBP,8,2015-12-26
2686,SCC,3,2015-12-26
2687,SCE,3,2015-12-26
2688,SDF,29,2015-12-26
2689,SEA,343,2015-12-26
2690,SFO,441,2015-12-26
2691,SGF,18,2015-12-26
2692,SGU,5,2015-12-26
2693,SHV,19,2015-12-26
2694,SIT,3,2015-12-26
2695,SJC,99,2015-12-26
2696,SJT,5,2015-12-26
2697,SJU,103,2015-12-26
2698,SLC,308,2015-12-26
2699,SMF,104,2015-12-26
2700,SMX,2,2015-12-26
2701,SNA,99,2015-12-26
2702,SPI,5,2015-12-26
2703,SPS,3,2015-12-26
2704,SRQ,14,2015-12-26
2705,STL,141,2015-12-26
2706,STT,23,2015-12-26
2707,STX,5,2015-12-26
2708,SUN,5,2015-12-26
2709,SUX,1,2015-12-26
2710,SWF,2,2015-12-26
2711,SYR,15,2015-12-26
2712,TLH,7,2015-12-26
2713,TOL,2,2015-12-26
2714,TPA,216,2015-12-26
2715,TRI,5,2015-12-26
2716,TTN,9,2015-12-26
2717,TUL,38,2015-12-26
2718,TUS,52,2015-12-26
2719,TVC,5,2015-12-26
2720,TWF,2,2015-12-26
2721,TXK,4,2015-12-26
2722,TYR,5,2015-12-26
2723,TYS,16,2015-12-26
2724,UST,1,2015-12-26
2725,VLD,2,2015-12-26
2726,VPS,15,2015-12-26
2727,WRG,2,2015-12-26
2728,XNA,21,2015-12-26
2729,YAK,2,2015-12-26
2730,YUM,5,2015-12-26
2731,ABE,4,2015-12-27
2732,ABI,8,2015-12-27
2733,ABQ,61,2015-12-27
2734,ABR,2,2015-12-27
2735,ABY,2,2015-12-27
2736,ACT,5,2015-12-27
2737,ACV,4,2015-12-27
2738,ACY,10,2015-12-27
2739,ADK,1,2015-12-27
2740,ADQ,1,2015-12-27
2741,AEX,11,2015-12-27
2742,AGS,7,2015-12-27
2743,ALB,27,2015-12-27
2744,ALO,2,2015-12-27
2745,AMA,12,2015-12-27
2746,ANC,44,2015-12-27
2747,APN,1,2015-12-27
2748,ASE,29,2015-12-27
2749,ATL,1042,2015-12-27
2750,ATW,7,2015-12-27
2751,AUS,131,2015-12-27
2752,AVL,8,2015-12-27
2753,AVP,3,2015-12-27
2754,AZO,6,2015-12-27
2755,BDL,59,2015-12-27
2756,BET,2,2015-12-27
2757,BFL,9,2015-12-27
2758,BGM,1,2015-12-27
2759,BGR,1,2015-12-27
2760,BHM,39,2015-12-27
2761,BIL,12,2015-12-27
2762,BIS,12,2015-12-27
2763,BJI,2,2015-12-27
2764,BLI,4,2015-12-27
2765,BMI,8,2015-12-27
2766,BNA,144,2015-12-27
2767,BOI,43,2015-12-27
2768,BOS,277,2015-12-27
2769,BPT,3,2015-12-27
2770,BQK,3,2015-12-27
2771,BQN,5,2015-12-27
2772,BRD,1,2015-12-27
2773,BRO,7,2015-12-27
2774,BRW,2,2015-12-27
2775,BTM,2,2015-12-27
2776,BTR,21,2015-12-27
2777,BTV,12,2015-12-27
2778,BUF,46,2015-12-27
2779,BUR,63,2015-12-27
2780,BWI,291,2015-12-27
2781,BZN,17,2015-12-27
2782,CAE,14,2015-12-27
2783,CAK,16,2015-12-27
2784,CDC,2,2015-12-27
2785,CDV,2,2015-12-27
2786,CHA,10,2015-12-27
2787,CHO,6,2015-12-27
2788,CHS,40,2015-12-27
2789,CID,18,2015-12-27
2790,CIU,2,2015-12-27
2791,CLE,96,2015-12-27
2792,CLL,5,2015-12-27
2793,CLT,299,2015-12-27
2794,CMH,73,2015-12-27
2795,CMI,7,2015-12-27
2796,CMX,2,2015-12-27
2797,COD,2,2015-12-27
2798,COS,23,2015-12-27
2799,COU,4,2015-12-27
2800,CPR,5,2015-12-27
2801,CRP,11,2015-12-27
2802,CRW,7,2015-12-27
2803,CSG,2,2015-12-27
2804,CVG,62,2015-12-27
2805,CWA,2,2015-12-27
2806,DAB,5,2015-12-27
2807,DAL,196,2015-12-27
2808,DAY,22,2015-12-27
2809,DBQ,3,2015-12-27
2810,DCA,190,2015-12-27
2811,DEN,660,2015-12-27
2812,DFW,735,2015-12-27
2813,DHN,4,2015-12-27
2814,DLH,5,2015-12-27
2815,DRO,6,2015-12-27
2816,DSM,28,2015-12-27
2817,DTW,299,2015-12-27
2818,DVL,1,2015-12-27
2819,EAU,2,2015-12-27
2820,ECP,12,2015-12-27
2821,EGE,13,2015-12-27
2822,EKO,1,2015-12-27
2823,ELM,4,2015-12-27
2824,ELP,36,2015-12-27
2825,ERI,2,2015-12-27
2826,ESC,1,2015-12-27
2827,EUG,11,2015-12-27
2828,EVV,10,2015-12-27
2829,EWN,2,2015-12-27
2830,EWR,315,2015-12-27
2831,EYW,6,2015-12-27
2832,FAI,6,2015-12-27
2833,FAR,20,2015-12-27
2834,FAT,21,2015-12-27
2835,FAY,4,2015-12-27
2836,FCA,6,2015-12-27
2837,FLG,6,2015-12-27
2838,FLL,285,2015-12-27
2839,FNT,11,2015-12-27
2840,FSD,12,2015-12-27
2841,FSM,6,2015-12-27
2842,FWA,15,2015-12-27
2843,GCC,3,2015-12-27
2844,GCK,2,2015-12-27
2845,GEG,32,2015-12-27
2846,GFK,4,2015-12-27
2847,GGG,2,2015-12-27
2848,GJT,12,2015-12-27
2849,GNV,8,2015-12-27
2850,GPT,8,2015-12-27
2851,GRB,12,2015-12-27
2852,GRI,2,2015-12-27
2853,GRK,11,2015-12-27
2854,GRR,30,2015-12-27
2855,GSO,11,2015-12-27
2856,GSP,19,2015-12-27
2857,GTF,6,2015-12-27
2858,GTR,2,2015-12-27
2859,GUC,4,2015-12-27
2860,GUM,1,2015-12-27
2861,HDN,14,2015-12-27
2862,HIB,2,2015-12-27
2863,HLN,4,2015-12-27
2864,HNL,136,2015-12-27
2865,HOB,2,2015-12-27
2866,HOU,169,2015-12-27
2867,HPN,19,2015-12-27
2868,HRL,9,2015-12-27
2869,HSV,14,2015-12-27
2870,HYS,1,2015-12-27
2871,IAD,97,2015-12-27
2872,IAG,1,2015-12-27
2873,IAH,441,2015-12-27
2874,ICT,27,2015-12-27
2875,IDA,8,2015-12-27
2876,ILM,5,2015-12-27
2877,IMT,2,2015-12-27
2878,IND,82,2015-12-27
2879,INL,2,2015-12-27
2880,ISN,6,2015-12-27
2881,ISP,16,2015-12-27
2882,ITH,2,2015-12-27
2883,ITO,15,2015-12-27
2884,JAC,21,2015-12-27
2885,JAN,21,2015-12-27
2886,JAX,58,2015-12-27
2887,JFK,289,2015-12-27
2888,JLN,2,2015-12-27
2889,JMS,2,2015-12-27
2890,JNU,11,2015-12-27
2891,KOA,36,2015-12-27
2892,KTN,6,2015-12-27
2893,LAN,6,2015-12-27
2894,LAR,1,2015-12-27
2895,LAS,393,2015-12-27
2896,LAW,4,2015-12-27
2897,LAX,587,2015-12-27
2898,LBB,17,2015-12-27
2899,LBE,3,2015-12-27
2900,LCH,6,2015-12-27
2901,LEX,12,2015-12-27
2902,LFT,13,2015-12-27
2903,LGA,242,2015-12-27
2904,LGB,26,2015-12-27
2905,LIH,36,2015-12-27
2906,LIT,31,2015-12-27
2907,LNK,8,2015-12-27
2908,LRD,6,2015-12-27
2909,LSE,6,2015-12-27
2910,LWS,2,2015-12-27
2911,MAF,17,2015-12-27
2912,MBS,6,2015-12-27
2913,MCI,115,2015-12-27
2914,MCO,390,2015-12-27
2915,MDT,9,2015-12-27
2916,MDW,263,2015-12-27
2917,MEI,2,2015-12-27
2918,MEM,42,2015-12-27
2919,MFE,7,2015-12-27
2920,MFR,9,2015-12-27
2921,MGM,9,2015-12-27
2922,MHK,5,2015-12-27
2923,MHT,17,2015-12-27
2924,MIA,228,2015-12-27
2925,MKE,84,2015-12-27
2926,MKG,2,2015-12-27
2927,MLB,5,2015-12-27
2928,MLI,8,2015-12-27
2929,MLU,8,2015-12-27
2930,MMH,1,2015-12-27
2931,MOB,16,2015-12-27
2932,MOT,4,2015-12-27
2933,MQT,3,2015-12-27
2934,MRY,7,2015-12-27
2935,MSN,23,2015-12-27
2936,MSO,8,2015-12-27
2937,MSP,322,2015-12-27
2938,MSY,123,2015-12-27
2939,MTJ,9,2015-12-27
2940,MYR,9,2015-12-27
2941,OAJ,4,2015-12-27
2942,OAK,142,2015-12-27
2943,OGG,69,2015-12-27
2944,OKC,52,2015-12-27
2945,OMA,56,2015-12-27
2946,OME,2,2015-12-27
2947,ONT,56,2015-12-27
2948,ORD,842,2015-12-27
2949,ORF,33,2015-12-27
2950,ORH,2,2015-12-27
2951,OTH,1,2015-12-27
2952,OTZ,2,2015-12-27
2953,PAH,2,2015-12-27
2954,PBG,1,2015-12-27
2955,PBI,93,2015-12-27
2956,PDX,159,2015-12-27
2957,PHF,3,2015-12-27
2958,PHL,200,2015-12-27
2959,PHX,471,2015-12-27
2960,PIA,14,2015-12-27
2961,PIB,1,2015-12-27
2962,PIH,2,2015-12-27
2963,PIT,70,2015-12-27
2964,PLN,2,2015-12-27
2965,PNS,19,2015-12-27
2966,PSC,10,2015-12-27
2967,PSE,3,2015-12-27
2968,PSG,2,2015-12-27
2969,PSP,33,2015-12-27
2970,PVD,35,2015-12-27
2971,PWM,15,2015-12-27
2972,RAP,11,2015-12-27
2973,RDD,2,2015-12-27
2974,RDM,7,2015-12-27
2975,RDU,96,2015-12-27
2976,RHI,3,2015-12-27
2977,RIC,42,2015-12-27
2978,RKS,2,2015-12-27
2979,RNO,41,2015-12-27
2980,ROA,6,2015-12-27
2981,ROC,22,2015-12-27
2982,ROW,3,2015-12-27
2983,RST,4,2015-12-27
2984,RSW,123,2015-12-27
2985,SAF,3,2015-12-27
2986,SAN,227,2015-12-27
2987,SAT,88,2015-12-27
2988,SAV,19,2015-12-27
2989,SBA,16,2015-12-27
2990,SBN,12,2015-12-27
2991,SBP,7,2015-12-27
2992,SCC,2,2015-12-27
2993,SCE,3,2015-12-27
2994,SDF,34,2015-12-27
2995,SEA,360,2015-12-27
2996,SFO,474,2015-12-27
2997,SGF,19,2015-12-27
2998,SGU,6,2015-12-27
2999,SHV,19,2015-12-27
3000,SIT,3,2015-12-27
3001,SJC,118,2015-12-27
3002,SJT,5,2015-12-27
3003,SJU,102,2015-12-27
3004,SLC,319,2015-12-27
3005,SMF,111,2015-12-27
3006,SMX,2,2015-12-27
3007,SNA,118,2015-12-27
3008,SPI,5,2015-12-27
3009,SPS,3,2015-12-27
3010,SRQ,15,2015-12-27
3011,STL,148,2015-12-27
3012,STT,20,2015-12-27
3013,STX,3,2015-12-27
3014,SUN,5,2015-12-27
3015,SUX,2,2015-12-27
3016,SWF,2,2015-12-27
3017,SYR,18,2015-12-27
3018,TLH,8,2015-12-27
3019,TOL,3,2015-12-27
3020,TPA,226,2015-12-27
3021,TRI,5,2015-12-27
3022,TTN,10,2015-12-27
3023,TUL,43,2015-12-27
3024,TUS,55,2015-12-27
3025,TVC,5,2015-12-27
3026,TWF,3,2015-12-27
3027,TXK,3,2015-12-27
3028,TYR,5,2015-12-27
3029,TYS,21,2015-12-27
3030,VLD,3,2015-12-27
3031,VPS,15,2015-12-27
3032,WRG,2,2015-12-27
3033,XNA,24,2015-12-27
3034,YAK,2,2015-12-27
3035,YUM,6,2015-12-27
3036,ABE,4,2015-12-28
3037,ABI,7,2015-12-28
3038,ABQ,56,2015-12-28
3039,ABR,2,2015-12-28
3040,ABY,2,2015-12-28
3041,ACT,5,2015-12-28
3042,ACV,4,2015-12-28
3043,ACY,10,2015-12-28
3044,ADQ,1,2015-12-28
3045,AEX,10,2015-12-28
3046,AGS,7,2015-12-28
3047,ALB,25,2015-12-28
3048,ALO,2,2015-12-28
3049,AMA,10,2015-12-28
3050,ANC,46,2015-12-28
3051,APN,2,2015-12-28
3052,ASE,27,2015-12-28
3053,ATL,1029,2015-12-28
3054,ATW,7,2015-12-28
3055,AUS,130,2015-12-28
3056,AVL,8,2015-12-28
3057,AVP,2,2015-12-28
3058,AZO,6,2015-12-28
3059,BDL,57,2015-12-28
3060,BET,3,2015-12-28
3061,BFL,8,2015-12-28
3062,BGM,1,2015-12-28
3063,BGR,1,2015-12-28
3064,BHM,35,2015-12-28
3065,BIL,12,2015-12-28
3066,BIS,9,2015-12-28
3067,BJI,2,2015-12-28
3068,BLI,3,2015-12-28
3069,BMI,8,2015-12-28
3070,BNA,140,2015-12-28
3071,BOI,42,2015-12-28
3072,BOS,279,2015-12-28
3073,BPT,3,2015-12-28
3074,BQK,3,2015-12-28
3075,BQN,6,2015-12-28
3076,BRD,2,2015-12-28
3077,BRO,7,2015-12-28
3078,BRW,3,2015-12-28
3079,BTM,2,2015-12-28
3080,BTR,19,2015-12-28
3081,BTV,13,2015-12-28
3082,BUF,47,2015-12-28
3083,BUR,59,2015-12-28
3084,BWI,267,2015-12-28
3085,BZN,15,2015-12-28
3086,CAE,13,2015-12-28
3087,CAK,16,2015-12-28
3088,CDC,2,2015-12-28
3089,CDV,2,2015-12-28
3090,CHA,10,2015-12-28
3091,CHO,5,2015-12-28
3092,CHS,34,2015-12-28
3093,CID,15,2015-12-28
3094,CIU,2,2015-12-28
3095,CLE,92,2015-12-28
3096,CLL,5,2015-12-28
3097,CLT,329,2015-12-28
3098,CMH,66,2015-12-28
3099,CMI,7,2015-12-28
3100,CMX,2,2015-12-28
3101,COD,1,2015-12-28
3102,COS,22,2015-12-28
3103,COU,4,2015-12-28
3104,CPR,3,2015-12-28
3105,CRP,11,2015-12-28
3106,CRW,7,2015-12-28
3107,CSG,2,2015-12-28
3108,CVG,51,2015-12-28
3109,CWA,4,2015-12-28
3110,DAB,5,2015-12-28
3111,DAL,202,2015-12-28
3112,DAY,22,2015-12-28
3113,DBQ,3,2015-12-28
3114,DCA,201,2015-12-28
3115,DEN,653,2015-12-28
3116,DFW,697,2015-12-28
3117,DHN,4,2015-12-28
3118,DLH,5,2015-12-28
3119,DRO,5,2015-12-28
3120,DSM,27,2015-12-28
3121,DTW,287,2015-12-28
3122,DVL,2,2015-12-28
3123,EAU,2,2015-12-28
3124,ECP,11,2015-12-28
3125,EGE,11,2015-12-28
3126,EKO,2,2015-12-28
3127,ELM,4,2015-12-28
3128,ELP,35,2015-12-28
3129,ERI,2,2015-12-28
3130,ESC,2,2015-12-28
3131,EUG,11,2015-12-28
3132,EVV,10,2015-12-28
3133,EWN,2,2015-12-28
3134,EWR,329,2015-12-28
3135,EYW,6,2015-12-28
3136,FAI,6,2015-12-28
3137,FAR,18,2015-12-28
3138,FAT,19,2015-12-28
3139,FAY,4,2015-12-28
3140,FCA,6,2015-12-28
3141,FLG,6,2015-12-28
3142,FLL,263,2015-12-28
3143,FNT,14,2015-12-28
3144,FSD,10,2015-12-28
3145,FSM,6,2015-12-28
3146,FWA,13,2015-12-28
3147,GCC,3,2015-12-28
3148,GCK,2,2015-12-28
3149,GEG,31,2015-12-28
3150,GFK,4,2015-12-28
3151,GGG,2,2015-12-28
3152,GJT,10,2015-12-28
3153,GNV,8,2015-12-28
3154,GPT,9,2015-12-28
3155,GRB,12,2015-12-28
3156,GRI,2,2015-12-28
3157,GRK,11,2015-12-28
3158,GRR,28,2015-12-28
3159,GSO,12,2015-12-28
3160,GSP,21,2015-12-28
3161,GTF,6,2015-12-28
3162,GTR,2,2015-12-28
3163,GUC,3,2015-12-28
3164,GUM,1,2015-12-28
3165,HDN,7,2015-12-28
3166,HIB,3,2015-12-28
3167,HLN,4,2015-12-28
3168,HNL,137,2015-12-28
3169,HOB,2,2015-12-28
3170,HOU,165,2015-12-28
3171,HPN,19,2015-12-28
3172,HRL,9,2015-12-28
3173,HSV,12,2015-12-28
3174,HYS,2,2015-12-28
3175,IAD,96,2015-12-28
3176,IAG,1,2015-12-28
3177,IAH,433,2015-12-28
3178,ICT,26,2015-12-28
3179,IDA,7,2015-12-28
3180,ILM,5,2015-12-28
3181,IMT,2,2015-12-28
3182,IND,84,2015-12-28
3183,INL,2,2015-12-28
3184,ISN,6,2015-12-28
3185,ISP,13,2015-12-28
3186,ITH,2,2015-12-28
3187,ITO,17,2015-12-28
3188,JAC,20,2015-12-28
3189,JAN,21,2015-12-28
3190,JAX,60,2015-12-28
3191,JFK,288,2015-12-28
3192,JLN,2,2015-12-28
3193,JMS,3,2015-12-28
3194,JNU,11,2015-12-28
3195,KOA,35,2015-12-28
3196,KTN,6,2015-12-28
3197,LAN,7,2015-12-28
3198,LAR,2,2015-12-28
3199,LAS,407,2015-12-28
3200,LAW,4,2015-12-28
3201,LAX,602,2015-12-28
3202,LBB,14,2015-12-28
3203,LBE,3,2015-12-28
3204,LCH,5,2015-12-28
3205,LEX,13,2015-12-28
3206,LFT,11,2015-12-28
3207,LGA,246,2015-12-28
3208,LGB,26,2015-12-28
3209,LIH,34,2015-12-28
3210,LIT,29,2015-12-28
3211,LNK,6,2015-12-28
3212,LRD,6,2015-12-28
3213,LSE,5,2015-12-28
3214,LWS,2,2015-12-28
3215,MAF,20,2015-12-28
3216,MBS,5,2015-12-28
3217,MCI,109,2015-12-28
3218,MCO,372,2015-12-28
3219,MDT,9,2015-12-28
3220,MDW,238,2015-12-28
3221,MEI,3,2015-12-28
3222,MEM,37,2015-12-28
3223,MFE,6,2015-12-28
3224,MFR,9,2015-12-28
3225,MGM,9,2015-12-28
3226,MHK,5,2015-12-28
3227,MHT,17,2015-12-28
3228,MIA,222,2015-12-28
3229,MKE,85,2015-12-28
3230,MKG,2,2015-12-28
3231,MLB,5,2015-12-28
3232,MLI,9,2015-12-28
3233,MLU,9,2015-12-28
3234,MMH,1,2015-12-28
3235,MOB,16,2015-12-28
3236,MOT,5,2015-12-28
3237,MQT,2,2015-12-28
3238,MRY,7,2015-12-28
3239,MSN,24,2015-12-28
3240,MSO,7,2015-12-28
3241,MSP,313,2015-12-28
3242,MSY,116,2015-12-28
3243,MTJ,8,2015-12-28
3244,MYR,9,2015-12-28
3245,OAJ,4,2015-12-28
3246,OAK,136,2015-12-28
3247,OGG,68,2015-12-28
3248,OKC,53,2015-12-28
3249,OMA,55,2015-12-28
3250,OME,2,2015-12-28
3251,ONT,54,2015-12-28
3252,ORD,896,2015-12-28
3253,ORF,28,2015-12-28
3254,ORH,2,2015-12-28
3255,OTH,1,2015-12-28
3256,OTZ,2,2015-12-28
3257,PAH,2,2015-12-28
3258,PBG,1,2015-12-28
3259,PBI,98,2015-12-28
3260,PDX,159,2015-12-28
3261,PHF,3,2015-12-28
3262,PHL,198,2015-12-28
3263,PHX,476,2015-12-28
3264,PIA,14,2015-12-28
3265,PIB,2,2015-12-28
3266,PIH,2,2015-12-28
3267,PIT,69,2015-12-28
3268,PLN,2,2015-12-28
3269,PNS,17,2015-12-28
3270,PPG,1,2015-12-28
3271,PSC,10,2015-12-28
3272,PSE,3,2015-12-28
3273,PSG,2,2015-12-28
3274,PSP,32,2015-12-28
3275,PVD,36,2015-12-28
3276,PWM,14,2015-12-28
3277,RAP,10,2015-12-28
3278,RDD,2,2015-12-28
3279,RDM,7,2015-12-28
3280,RDU,96,2015-12-28
3281,RHI,3,2015-12-28
3282,RIC,42,2015-12-28
3283,RKS,2,2015-12-28
3284,RNO,40,2015-12-28
3285,ROA,6,2015-12-28
3286,ROC,23,2015-12-28
3287,ROW,3,2015-12-28
3288,RST,4,2015-12-28
3289,RSW,115,2015-12-28
3290,SAF,3,2015-12-28
3291,SAN,217,2015-12-28
3292,SAT,83,2015-12-28
3293,SAV,17,2015-12-28
3294,SBA,14,2015-12-28
3295,SBN,13,2015-12-28
3296,SBP,7,2015-12-28
3297,SCC,3,2015-12-28
3298,SCE,3,2015-12-28
3299,SDF,28,2015-12-28
3300,SEA,367,2015-12-28
3301,SFO,488,2015-12-28
3302,SGF,18,2015-12-28
3303,SGU,6,2015-12-28
3304,SHV,19,2015-12-28
3305,SIT,3,2015-12-28
3306,SJC,113,2015-12-28
3307,SJT,5,2015-12-28
3308,SJU,94,2015-12-28
3309,SLC,318,2015-12-28
3310,SMF,113,2015-12-28
3311,SMX,2,2015-12-28
3312,SNA,125,2015-12-28
3313,SPI,5,2015-12-28
3314,SPS,3,2015-12-28
3315,SRQ,14,2015-12-28
3316,STL,149,2015-12-28
3317,STT,17,2015-12-28
3318,STX,3,2015-12-28
3319,SUN,5,2015-12-28
3320,SUX,2,2015-12-28
3321,SWF,2,2015-12-28
3322,SYR,18,2015-12-28
3323,TLH,8,2015-12-28
3324,TOL,3,2015-12-28
3325,TPA,210,2015-12-28
3326,TRI,5,2015-12-28
3327,TTN,9,2015-12-28
3328,TUL,38,2015-12-28
3329,TUS,48,2015-12-28
3330,TVC,8,2015-12-28
3331,TWF,3,2015-12-28
3332,TXK,3,2015-12-28
3333,TYR,5,2015-12-28
3334,TYS,19,2015-12-28
3335,UST,1,2015-12-28
3336,VLD,3,2015-12-28
3337,VPS,15,2015-12-28
3338,WRG,2,2015-12-28
3339,XNA,26,2015-12-28
3340,YAK,2,2015-12-28
3341,YUM,6,2015-12-28
3342,ABE,4,2015-12-29
3343,ABI,7,2015-12-29
3344,ABQ,57,2015-12-29
3345,ABR,2,2015-12-29
3346,ABY,2,2015-12-29
3347,ACT,5,2015-12-29
3348,ACV,4,2015-12-29
3349,ACY,10,2015-12-29
3350,ADQ,1,2015-12-29
3351,AEX,10,2015-12-29
3352,AGS,7,2015-12-29
3353,ALB,25,2015-12-29
3354,ALO,2,2015-12-29
3355,AMA,10,2015-12-29
3356,ANC,44,2015-12-29
3357,APN,2,2015-12-29
3358,ASE,26,2015-12-29
3359,ATL,1028,2015-12-29
3360,ATW,8,2015-12-29
3361,AUS,128,2015-12-29
3362,AVL,8,2015-12-29
3363,AVP,2,2015-12-29
3364,AZO,7,2015-12-29
3365,BDL,58,2015-12-29
3366,BET,3,2015-12-29
3367,BFL,7,2015-12-29
3368,BGM,1,2015-12-29
3369,BGR,1,2015-12-29
3370,BHM,34,2015-12-29
3371,BIL,12,2015-12-29
3372,BIS,11,2015-12-29
3373,BJI,2,2015-12-29
3374,BLI,4,2015-12-29
3375,BMI,8,2015-12-29
3376,BNA,138,2015-12-29
3377,BOI,42,2015-12-29
3378,BOS,279,2015-12-29
3379,BPT,3,2015-12-29
3380,BQK,3,2015-12-29
3381,BQN,5,2015-12-29
3382,BRD,2,2015-12-29
3383,BRO,7,2015-12-29
3384,BRW,3,2015-12-29
3385,BTM,2,2015-12-29
3386,BTR,19,2015-12-29
3387,BTV,14,2015-12-29
3388,BUF,48,2015-12-29
3389,BUR,58,2015-12-29
3390,BWI,267,2015-12-29
3391,BZN,14,2015-12-29
3392,CAE,13,2015-12-29
3393,CAK,16,2015-12-29
3394,CDC,2,2015-12-29
3395,CDV,2,2015-12-29
3396,CHA,10,2015-12-29
3397,CHO,5,2015-12-29
3398,CHS,33,2015-12-29
3399,CID,18,2015-12-29
3400,CIU,2,2015-12-29
3401,CLE,91,2015-12-29
3402,CLL,5,2015-12-29
3403,CLT,311,2015-12-29
3404,CMH,66,2015-12-29
3405,CMI,7,2015-12-29
3406,CMX,2,2015-12-29
3407,COD,1,2015-12-29
3408,COS,22,2015-12-29
3409,COU,4,2015-12-29
3410,CPR,2,2015-12-29
3411,CRP,11,2015-12-29
3412,CRW,7,2015-12-29
3413,CSG,2,2015-12-29
3414,CVG,51,2015-12-29
3415,CWA,4,2015-12-29
3416,DAB,4,2015-12-29
3417,DAL,202,2015-12-29
3418,DAY,22,2015-12-29
3419,DBQ,3,2015-12-29
3420,DCA,198,2015-12-29
3421,DEN,636,2015-12-29
3422,DFW,689,2015-12-29
3423,DHN,4,2015-12-29
3424,DLH,5,2015-12-29
3425,DRO,5,2015-12-29
3426,DSM,25,2015-12-29
3427,DTW,290,2015-12-29
3428,DVL,2,2015-12-29
3429,EAU,2,2015-12-29
3430,ECP,11,2015-12-29
3431,EGE,11,2015-12-29
3432,EKO,2,2015-12-29
3433,ELM,4,2015-12-29
3434,ELP,34,2015-12-29
3435,ERI,2,2015-12-29
3436,ESC,2,2015-12-29
3437,EUG,11,2015-12-29
3438,EVV,10,2015-12-29
3439,EWN,2,2015-12-29
3440,EWR,329,2015-12-29
3441,EYW,6,2015-12-29
3442,FAI,6,2015-12-29
3443,FAR,18,2015-12-29
3444,FAT,18,2015-12-29
3445,FAY,4,2015-12-29
3446,FCA,6,2015-12-29
3447,FLG,6,2015-12-29
3448,FLL,263,2015-12-29
3449,FNT,14,2015-12-29
3450,FSD,10,2015-12-29
3451,FSM,6,2015-12-29
3452,FWA,13,2015-12-29
3453,GCC,3,2015-12-29
3454,GCK,2,2015-12-29
3455,GEG,31,2015-12-29
3456,GFK,4,2015-12-29
3457,GGG,2,2015-12-29
3458,GJT,10,2015-12-29
3459,GNV,8,2015-12-29
3460,GPT,9,2015-12-29
3461,GRB,12,2015-12-29
3462,GRI,2,2015-12-29
3463,GRK,11,2015-12-29
3464,GRR,29,2015-12-29
3465,GSO,11,2015-12-29
3466,GSP,21,2015-12-29
3467,GTF,6,2015-12-29
3468,GTR,2,2015-12-29
3469,GUC,3,2015-12-29
3470,GUM,1,2015-12-29
3471,HDN,8,2015-12-29
3472,HIB,3,2015-12-29
3473,HLN,4,2015-12-29
3474,HNL,134,2015-12-29
3475,HOB,2,2015-12-29
3476,HOU,165,2015-12-29
3477,HPN,19,2015-12-29
3478,HRL,9,2015-12-29
3479,HSV,12,2015-12-29
3480,HYS,2,2015-12-29
3481,IAD,98,2015-12-29
3482,IAG,1,2015-12-29
3483,IAH,431,2015-12-29
3484,ICT,25,2015-12-29
3485,IDA,7,2015-12-29
3486,ILM,5,2015-12-29
3487,IMT,2,2015-12-29
3488,IND,87,2015-12-29
3489,INL,1,2015-12-29
3490,ISN,6,2015-12-29
3491,ISP,13,2015-12-29
3492,ITH,2,2015-12-29
3493,ITO,17,2015-12-29
3494,JAC,20,2015-12-29
3495,JAN,21,2015-12-29
3496,JAX,60,2015-12-29
3497,JFK,283,2015-12-29
3498,JLN,2,2015-12-29
3499,JMS,3,2015-12-29
3500,JNU,11,2015-12-29
3501,KOA,32,2015-12-29
3502,KTN,6,2015-12-29
3503,LAN,6,2015-12-29
3504,LAR,2,2015-12-29
3505,LAS,407,2015-12-29
3506,LAW,4,2015-12-29
3507,LAX,591,2015-12-29
3508,LBB,14,2015-12-29
3509,LBE,3,2015-12-29
3510,LCH,5,2015-12-29
3511,LEX,14,2015-12-29
3512,LFT,11,2015-12-29
3513,LGA,243,2015-12-29
3514,LGB,26,2015-12-29
3515,LIH,34,2015-12-29
3516,LIT,29,2015-12-29
3517,LNK,6,2015-12-29
3518,LRD,6,2015-12-29
3519,LSE,5,2015-12-29
3520,LWS,2,2015-12-29
3521,MAF,20,2015-12-29
3522,MBS,6,2015-12-29
3523,MCI,110,2015-12-29
3524,MCO,372,2015-12-29
3525,MDT,9,2015-12-29
3526,MDW,239,2015-12-29
3527,MEI,3,2015-12-29
3528,MEM,37,2015-12-29
3529,MFE,6,2015-12-29
3530,MFR,9,2015-12-29
3531,MGM,9,2015-12-29
3532,MHK,5,2015-12-29
3533,MHT,16,2015-12-29
3534,MIA,222,2015-12-29
3535,MKE,86,2015-12-29
3536,MKG,2,2015-12-29
3537,MLB,5,2015-12-29
3538,MLI,8,2015-12-29
3539,MLU,9,2015-12-29
3540,MMH,1,2015-12-29
3541,MOB,15,2015-12-29
3542,MOT,5,2015-12-29
3543,MQT,2,2015-12-29
3544,MRY,7,2015-12-29
3545,MSN,24,2015-12-29
3546,MSO,8,2015-12-29
3547,MSP,313,2015-12-29
3548,MSY,120,2015-12-29
3549,MTJ,9,2015-12-29
3550,MYR,9,2015-12-29
3551,OAJ,4,2015-12-29
3552,OAK,136,2015-12-29
3553,OGG,67,2015-12-29
3554,OKC,53,2015-12-29
3555,OMA,54,2015-12-29
3556,OME,2,2015-12-29
3557,ONT,54,2015-12-29
3558,ORD,867,2015-12-29
3559,ORF,30,2015-12-29
3560,ORH,2,2015-12-29
3561,OTH,1,2015-12-29
3562,OTZ,2,2015-12-29
3563,PAH,2,2015-12-29
3564,PBG,1,2015-12-29
3565,PBI,99,2015-12-29
3566,PDX,157,2015-12-29
3567,PHF,3,2015-12-29
3568,PHL,198,2015-12-29
3569,PHX,476,2015-12-29
3570,PIA,14,2015-12-29
3571,PIB,2,2015-12-29
3572,PIH,2,2015-12-29
3573,PIT,69,2015-12-29
3574,PLN,2,2015-12-29
3575,PNS,18,2015-12-29
3576,PSC,10,2015-12-29
3577,PSE,3,2015-12-29
3578,PSG,2,2015-12-29
3579,PSP,32,2015-12-29
3580,PVD,36,2015-12-29
3581,PWM,14,2015-12-29
3582,RAP,10,2015-12-29
3583,RDD,2,2015-12-29
3584,RDM,7,2015-12-29
3585,RDU,97,2015-12-29
3586,RHI,3,2015-12-29
3587,RIC,41,2015-12-29
3588,RKS,2,2015-12-29
3589,RNO,40,2015-12-29
3590,ROA,6,2015-12-29
3591,ROC,23,2015-12-29
3592,ROW,3,2015-12-29
3593,RST,4,2015-12-29
3594,RSW,116,2015-12-29
3595,SAF,3,2015-12-29
3596,SAN,216,2015-12-29
3597,SAT,84,2015-12-29
3598,SAV,17,2015-12-29
3599,SBA,14,2015-12-29
3600,SBN,13,2015-12-29
3601,SBP,7,2015-12-29
3602,SCC,3,2015-12-29
3603,SCE,3,2015-12-29
3604,SDF,29,2015-12-29
3605,SEA,367,2015-12-29
3606,SFO,486,2015-12-29
3607,SGF,18,2015-12-29
3608,SGU,6,2015-12-29
3609,SHV,19,2015-12-29
3610,SIT,3,2015-12-29
3611,SJC,111,2015-12-29
3612,SJT,5,2015-12-29
3613,SJU,91,2015-12-29
3614,SLC,314,2015-12-29
3615,SMF,113,2015-12-29
3616,SMX,2,2015-12-29
3617,SNA,124,2015-12-29
3618,SPI,5,2015-12-29
3619,SPS,3,2015-12-29
3620,SRQ,14,2015-12-29
3621,STL,149,2015-12-29
3622,STT,17,2015-12-29
3623,STX,3,2015-12-29
3624,SUN,5,2015-12-29
3625,SUX,2,2015-12-29
3626,SWF,2,2015-12-29
3627,SYR,18,2015-12-29
3628,TLH,8,2015-12-29
3629,TOL,3,2015-12-29
3630,TPA,208,2015-12-29
3631,TRI,5,2015-12-29
3632,TTN,9,2015-12-29
3633,TUL,36,2015-12-29
3634,TUS,48,2015-12-29
3635,TVC,7,2015-12-29
3636,TWF,3,2015-12-29
3637,TXK,3,2015-12-29
3638,TYR,5,2015-12-29
3639,TYS,20,2015-12-29
3640,VLD,3,2015-12-29
3641,VPS,15,2015-12-29
3642,WRG,2,2015-12-29
3643,XNA,26,2015-12-29
3644,YAK,2,2015-12-29
3645,YUM,6,2015-12-29
3646,ABE,4,2015-12-30
3647,ABI,7,2015-12-30
3648,ABQ,57,2015-12-30
3649,ABR,2,2015-12-30
3650,ABY,2,2015-12-30
3651,ACT,5,2015-12-30
3652,ACV,4,2015-12-30
3653,ACY,10,2015-12-30
3654,ADQ,1,2015-12-30
3655,AEX,10,2015-12-30
3656,AGS,7,2015-12-30
3657,ALB,24,2015-12-30
3658,ALO,2,2015-12-30
3659,AMA,10,2015-12-30
3660,ANC,43,2015-12-30
3661,APN,2,2015-12-30
3662,ASE,26,2015-12-30
3663,ATL,1037,2015-12-30
3664,ATW,9,2015-12-30
3665,AUS,129,2015-12-30
3666,AVL,8,2015-12-30
3667,AVP,2,2015-12-30
3668,AZO,6,2015-12-30
3669,BDL,59,2015-12-30
3670,BET,3,2015-12-30
3671,BFL,7,2015-12-30
3672,BGM,1,2015-12-30
3673,BGR,1,2015-12-30
3674,BHM,36,2015-12-30
3675,BIL,12,2015-12-30
3676,BIS,11,2015-12-30
3677,BJI,2,2015-12-30
3678,BLI,4,2015-12-30
3679,BMI,8,2015-12-30
3680,BNA,137,2015-12-30
3681,BOI,42,2015-12-30
3682,BOS,279,2015-12-30
3683,BPT,3,2015-12-30
3684,BQK,3,2015-12-30
3685,BQN,6,2015-12-30
3686,BRD,2,2015-12-30
3687,BRO,7,2015-12-30
3688,BRW,2,2015-12-30
3689,BTM,2,2015-12-30
3690,BTR,20,2015-12-30
3691,BTV,14,2015-12-30
3692,BUF,49,2015-12-30
3693,BUR,60,2015-12-30
3694,BWI,270,2015-12-30
3695,BZN,14,2015-12-30
3696,CAE,13,2015-12-30
3697,CAK,16,2015-12-30
3698,CDC,2,2015-12-30
3699,CDV,2,2015-12-30
3700,CHA,10,2015-12-30
3701,CHO,6,2015-12-30
3702,CHS,34,2015-12-30
3703,CID,19,2015-12-30
3704,CIU,2,2015-12-30
3705,CLE,90,2015-12-30
3706,CLL,5,2015-12-30
3707,CLT,313,2015-12-30
3708,CMH,67,2015-12-30
3709,CMI,7,2015-12-30
3710,CMX,2,2015-12-30
3711,COD,1,2015-12-30
3712,COS,20,2015-12-30
3713,COU,4,2015-12-30
3714,CPR,2,2015-12-30
3715,CRP,12,2015-12-30
3716,CRW,7,2015-12-30
3717,CSG,2,2015-12-30
3718,CVG,52,2015-12-30
3719,CWA,4,2015-12-30
3720,DAB,5,2015-12-30
3721,DAL,204,2015-12-30
3722,DAY,22,2015-12-30
3723,DBQ,3,2015-12-30
3724,DCA,201,2015-12-30
3725,DEN,640,2015-12-30
3726,DFW,694,2015-12-30
3727,DHN,4,2015-12-30
3728,DLH,5,2015-12-30
3729,DRO,5,2015-12-30
3730,DSM,27,2015-12-30
3731,DTW,293,2015-12-30
3732,DVL,2,2015-12-30
3733,EAU,2,2015-12-30
3734,ECP,11,2015-12-30
3735,EGE,11,2015-12-30
3736,EKO,2,2015-12-30
3737,ELM,4,2015-12-30
3738,ELP,34,2015-12-30
3739,ERI,2,2015-12-30
3740,ESC,2,2015-12-30
3741,EUG,11,2015-12-30
3742,EVV,10,2015-12-30
3743,EWN,2,2015-12-30
3744,EWR,329,2015-12-30
3745,EYW,6,2015-12-30
3746,FAI,6,2015-12-30
3747,FAR,19,2015-12-30
3748,FAT,17,2015-12-30
3749,FAY,4,2015-12-30
3750,FCA,6,2015-12-30
3751,FLG,6,2015-12-30
3752,FLL,262,2015-12-30
3753,FNT,14,2015-12-30
3754,FSD,11,2015-12-30
3755,FSM,6,2015-12-30
3756,FWA,15,2015-12-30
3757,GCC,3,2015-12-30
3758,GCK,2,2015-12-30
3759,GEG,30,2015-12-30
3760,GFK,4,2015-12-30
3761,GGG,2,2015-12-30
3762,GJT,10,2015-12-30
3763,GNV,8,2015-12-30
3764,GPT,9,2015-12-30
3765,GRB,12,2015-12-30
3766,GRI,2,2015-12-30
3767,GRK,11,2015-12-30
3768,GRR,29,2015-12-30
3769,GSO,12,2015-12-30
3770,GSP,22,2015-12-30
3771,GTF,6,2015-12-30
3772,GTR,2,2015-12-30
3773,GUC,3,2015-12-30
3774,GUM,1,2015-12-30
3775,HDN,9,2015-12-30
3776,HIB,3,2015-12-30
3777,HLN,4,2015-12-30
3778,HNL,136,2015-12-30
3779,HOB,2,2015-12-30
3780,HOU,165,2015-12-30
3781,HPN,18,2015-12-30
3782,HRL,8,2015-12-30
3783,HSV,13,2015-12-30
3784,HYS,2,2015-12-30
3785,IAD,97,2015-12-30
3786,IAG,1,2015-12-30
3787,IAH,425,2015-12-30
3788,ICT,26,2015-12-30
3789,IDA,7,2015-12-30
3790,ILM,5,2015-12-30
3791,IMT,2,2015-12-30
3792,IND,87,2015-12-30
3793,INL,1,2015-12-30
3794,ISN,6,2015-12-30
3795,ISP,13,2015-12-30
3796,ITH,2,2015-12-30
3797,ITO,17,2015-12-30
3798,JAC,20,2015-12-30
3799,JAN,20,2015-12-30
3800,JAX,60,2015-12-30
3801,JFK,285,2015-12-30
3802,JLN,2,2015-12-30
3803,JMS,3,2015-12-30
3804,JNU,11,2015-12-30
3805,KOA,34,2015-12-30
3806,KTN,6,2015-12-30
3807,LAN,7,2015-12-30
3808,LAR,2,2015-12-30
3809,LAS,410,2015-12-30
3810,LAW,4,2015-12-30
3811,LAX,588,2015-12-30
3812,LBB,14,2015-12-30
3813,LBE,3,2015-12-30
3814,LCH,5,2015-12-30
3815,LEX,11,2015-12-30
3816,LFT,11,2015-12-30
3817,LGA,244,2015-12-30
3818,LGB,26,2015-12-30
3819,LIH,35,2015-12-30
3820,LIT,29,2015-12-30
3821,LNK,6,2015-12-30
3822,LRD,7,2015-12-30
3823,LSE,6,2015-12-30
3824,LWS,2,2015-12-30
3825,MAF,19,2015-12-30
3826,MBS,5,2015-12-30
3827,MCI,111,2015-12-30
3828,MCO,374,2015-12-30
3829,MDT,9,2015-12-30
3830,MDW,238,2015-12-30
3831,MEI,3,2015-12-30
3832,MEM,38,2015-12-30
3833,MFE,7,2015-12-30
3834,MFR,9,2015-12-30
3835,MGM,9,2015-12-30
3836,MHK,5,2015-12-30
3837,MHT,15,2015-12-30
3838,MIA,224,2015-12-30
3839,MKE,84,2015-12-30
3840,MKG,2,2015-12-30
3841,MLB,5,2015-12-30
3842,MLI,11,2015-12-30
3843,MLU,9,2015-12-30
3844,MMH,1,2015-12-30
3845,MOB,15,2015-12-30
3846,MOT,5,2015-12-30
3847,MQT,3,2015-12-30
3848,MRY,7,2015-12-30
3849,MSN,23,2015-12-30
3850,MSO,6,2015-12-30
3851,MSP,323,2015-12-30
3852,MSY,117,2015-12-30
3853,MTJ,9,2015-12-30
3854,MYR,9,2015-12-30
3855,OAJ,4,2015-12-30
3856,OAK,135,2015-12-30
3857,OGG,68,2015-12-30
3858,OKC,54,2015-12-30
3859,OMA,55,2015-12-30
3860,OME,2,2015-12-30
3861,ONT,54,2015-12-30
3862,ORD,871,2015-12-30
3863,ORF,29,2015-12-30
3864,ORH,1,2015-12-30
3865,OTH,1,2015-12-30
3866,OTZ,2,2015-12-30
3867,PAH,2,2015-12-30
3868,PBG,1,2015-12-30
3869,PBI,98,2015-12-30
3870,PDX,158,2015-12-30
3871,PHF,3,2015-12-30
3872,PHL,199,2015-12-30
3873,PHX,475,2015-12-30
3874,PIA,14,2015-12-30
3875,PIB,2,2015-12-30
3876,PIH,2,2015-12-30
3877,PIT,69,2015-12-30
3878,PLN,2,2015-12-30
3879,PNS,18,2015-12-30
3880,PSC,10,2015-12-30
3881,PSE,3,2015-12-30
3882,PSG,2,2015-12-30
3883,PSP,31,2015-12-30
3884,PVD,36,2015-12-30
3885,PWM,15,2015-12-30
3886,RAP,10,2015-12-30
3887,RDD,2,2015-12-30
3888,RDM,7,2015-12-30
3889,RDU,94,2015-12-30
3890,RHI,3,2015-12-30
3891,RIC,43,2015-12-30
3892,RKS,2,2015-12-30
3893,RNO,40,2015-12-30
3894,ROA,6,2015-12-30
3895,ROC,23,2015-12-30
3896,ROW,3,2015-12-30
3897,RST,4,2015-12-30
3898,RSW,116,2015-12-30
3899,SAF,3,2015-12-30
3900,SAN,216,2015-12-30
3901,SAT,84,2015-12-30
3902,SAV,18,2015-12-30
3903,SBA,14,2015-12-30
3904,SBN,13,2015-12-30
3905,SBP,7,2015-12-30
3906,SCC,2,2015-12-30
3907,SCE,3,2015-12-30
3908,SDF,31,2015-12-30
3909,SEA,367,2015-12-30
3910,SFO,483,2015-12-30
3911,SGF,18,2015-12-30
3912,SGU,6,2015-12-30
3913,SHV,19,2015-12-30
3914,SIT,3,2015-12-30
3915,SJC,111,2015-12-30
3916,SJT,5,2015-12-30
3917,SJU,91,2015-12-30
3918,SLC,317,2015-12-30
3919,SMF,111,2015-12-30
3920,SMX,2,2015-12-30
3921,SNA,126,2015-12-30
3922,SPI,5,2015-12-30
3923,SPS,3,2015-12-30
3924,SRQ,14,2015-12-30
3925,STL,149,2015-12-30
3926,STT,17,2015-12-30
3927,STX,4,2015-12-30
3928,SUN,5,2015-12-30
3929,SUX,2,2015-12-30
3930,SWF,2,2015-12-30
3931,SYR,19,2015-12-30
3932,TLH,8,2015-12-30
3933,TOL,3,2015-12-30
3934,TPA,207,2015-12-30
3935,TRI,5,2015-12-30
3936,TTN,9,2015-12-30
3937,TUL,37,2015-12-30
3938,TUS,47,2015-12-30
3939,TVC,7,2015-12-30
3940,TWF,3,2015-12-30
3941,TXK,3,2015-12-30
3942,TYR,5,2015-12-30
3943,TYS,19,2015-12-30
3944,UST,1,2015-12-30
3945,VLD,3,2015-12-30
3946,VPS,15,2015-12-30
3947,WRG,2,2015-12-30
3948,XNA,26,2015-12-30
3949,YAK,2,2015-12-30
3950,YUM,6,2015-12-30
3951,ABE,2,2015-12-31
3952,ABI,7,2015-12-31
3953,ABQ,49,2015-12-31
3954,ABR,2,2015-12-31
3955,ABY,2,2015-12-31
3956,ACT,5,2015-12-31
3957,ACV,3,2015-12-31
3958,ACY,10,2015-12-31
3959,ADK,1,2015-12-31
3960,ADQ,1,2015-12-31
3961,AEX,7,2015-12-31
3962,AGS,5,2015-12-31
3963,ALB,21,2015-12-31
3964,ALO,2,2015-12-31
3965,AMA,8,2015-12-31
3966,ANC,44,2015-12-31
3967,APN,2,2015-12-31
3968,ASE,21,2015-12-31
3969,ATL,793,2015-12-31
3970,ATW,5,2015-12-31
3971,AUS,108,2015-12-31
3972,AVL,6,2015-12-31
3973,AVP,2,2015-12-31
3974,AZO,6,2015-12-31
3975,BDL,51,2015-12-31
3976,BET,2,2015-12-31
3977,BFL,5,2015-12-31
3978,BGM,1,2015-12-31
3979,BGR,1,2015-12-31
3980,BHM,26,2015-12-31
3981,BIL,11,2015-12-31
3982,BIS,8,2015-12-31
3983,BJI,2,2015-12-31
3984,BLI,3,2015-12-31
3985,BMI,7,2015-12-31
3986,BNA,104,2015-12-31
3987,BOI,32,2015-12-31
3988,BOS,233,2015-12-31
3989,BPT,2,2015-12-31
3990,BQK,2,2015-12-31
3991,BQN,5,2015-12-31
3992,BRD,2,2015-12-31
3993,BRO,4,2015-12-31
3994,BRW,2,2015-12-31
3995,BTM,2,2015-12-31
3996,BTR,16,2015-12-31
3997,BTV,10,2015-12-31
3998,BUF,41,2015-12-31
3999,BUR,41,2015-12-31
4000,BWI,205,2015-12-31
4001,BZN,16,2015-12-31
4002,CAE,10,2015-12-31
4003,CAK,12,2015-12-31
4004,CDC,2,2015-12-31
4005,CDV,2,2015-12-31
4006,CHA,9,2015-12-31
4007,CHO,4,2015-12-31
4008,CHS,27,2015-12-31
4009,CID,14,2015-12-31
4010,CIU,2,2015-12-31
4011,CLE,73,2015-12-31
4012,CLL,5,2015-12-31
4013,CLT,261,2015-12-31
4014,CMH,54,2015-12-31
4015,CMI,7,2015-12-31
4016,CMX,2,2015-12-31
4017,COD,1,2015-12-31
4018,COS,16,2015-12-31
4019,COU,4,2015-12-31
4020,CPR,2,2015-12-31
4021,CRP,9,2015-12-31
4022,CRW,3,2015-12-31
4023,CSG,1,2015-12-31
4024,CVG,34,2015-12-31
4025,CWA,4,2015-12-31
4026,DAB,4,2015-12-31
4027,DAL,154,2015-12-31
4028,DAY,21,2015-12-31
4029,DBQ,3,2015-12-31
4030,DCA,159,2015-12-31
4031,DEN,484,2015-12-31
4032,DFW,618,2015-12-31
4033,DHN,2,2015-12-31
4034,DLH,4,2015-12-31
4035,DRO,5,2015-12-31
4036,DSM,20,2015-12-31
4037,DTW,205,2015-12-31
4038,DVL,2,2015-12-31
4039,EAU,2,2015-12-31
4040,ECP,8,2015-12-31
4041,EGE,11,2015-12-31
4042,EKO,1,2015-12-31
4043,ELM,5,2015-12-31
4044,ELP,28,2015-12-31
4045,ERI,1,2015-12-31
4046,ESC,2,2015-12-31
4047,EUG,8,2015-12-31
4048,EVV,8,2015-12-31
4049,EWN,2,2015-12-31
4050,EWR,227,2015-12-31
4051,EYW,4,2015-12-31
4052,FAI,6,2015-12-31
4053,FAR,14,2015-12-31
4054,FAT,15,2015-12-31
4055,FAY,3,2015-12-31
4056,FCA,4,2015-12-31
4057,FLG,5,2015-12-31
4058,FLL,241,2015-12-31
4059,FNT,11,2015-12-31
4060,FSD,9,2015-12-31
4061,FSM,5,2015-12-31
4062,FWA,13,2015-12-31
4063,GCC,3,2015-12-31
4064,GCK,2,2015-12-31
4065,GEG,24,2015-12-31
4066,GFK,1,2015-12-31
4067,GGG,2,2015-12-31
4068,GJT,9,2015-12-31
4069,GNV,7,2015-12-31
4070,GPT,7,2015-12-31
4071,GRB,10,2015-12-31
4072,GRI,2,2015-12-31
4073,GRK,11,2015-12-31
4074,GRR,20,2015-12-31
4075,GSO,8,2015-12-31
4076,GSP,16,2015-12-31
4077,GTF,4,2015-12-31
4078,GTR,2,2015-12-31
4079,GUC,3,2015-12-31
4080,GUM,1,2015-12-31
4081,HDN,8,2015-12-31
4082,HIB,3,2015-12-31
4083,HLN,3,2015-12-31
4084,HNL,132,2015-12-31
4085,HOB,2,2015-12-31
4086,HOU,118,2015-12-31
4087,HPN,17,2015-12-31
4088,HRL,7,2015-12-31
4089,HSV,9,2015-12-31
4090,HYS,2,2015-12-31
4091,IAD,77,2015-12-31
4092,IAG,1,2015-12-31
4093,IAH,346,2015-12-31
4094,ICT,22,2015-12-31
4095,IDA,5,2015-12-31
4096,ILM,4,2015-12-31
4097,IMT,2,2015-12-31
4098,IND,65,2015-12-31
4099,INL,2,2015-12-31
4100,ISN,5,2015-12-31
4101,ISP,12,2015-12-31
4102,ITH,1,2015-12-31
4103,ITO,17,2015-12-31
4104,JAC,18,2015-12-31
4105,JAN,17,2015-12-31
4106,JAX,49,2015-12-31
4107,JFK,255,2015-12-31
4108,JLN,2,2015-12-31
4109,JMS,3,2015-12-31
4110,JNU,9,2015-12-31
4111,KOA,33,2015-12-31
4112,KTN,6,2015-12-31
4113,LAN,4,2015-12-31
4114,LAR,2,2015-12-31
4115,LAS,350,2015-12-31
4116,LAW,4,2015-12-31
4117,LAX,477,2015-12-31
4118,LBB,8,2015-12-31
4119,LBE,3,2015-12-31
4120,LCH,4,2015-12-31
4121,LEX,9,2015-12-31
4122,LFT,11,2015-12-31
4123,LGA,194,2015-12-31
4124,LGB,23,2015-12-31
4125,LIH,33,2015-12-31
4126,LIT,24,2015-12-31
4127,LNK,4,2015-12-31
4128,LRD,4,2015-12-31
4129,LSE,5,2015-12-31
4130,LWS,2,2015-12-31
4131,MAF,15,2015-12-31
4132,MBS,4,2015-12-31
4133,MCI,86,2015-12-31
4134,MCO,320,2015-12-31
4135,MDT,7,2015-12-31
4136,MDW,181,2015-12-31
4137,MEI,3,2015-12-31
4138,MEM,29,2015-12-31
4139,MFE,6,2015-12-31
4140,MFR,6,2015-12-31
4141,MGM,7,2015-12-31
4142,MHK,5,2015-12-31
4143,MHT,13,2015-12-31
4144,MIA,215,2015-12-31
4145,MKE,69,2015-12-31
4146,MKG,2,2015-12-31
4147,MLB,3,2015-12-31
4148,MLI,7,2015-12-31
4149,MLU,6,2015-12-31
4150,MMH,1,2015-12-31
4151,MOB,10,2015-12-31
4152,MOT,4,2015-12-31
4153,MQT,2,2015-12-31
4154,MRY,6,2015-12-31
4155,MSN,17,2015-12-31
4156,MSO,6,2015-12-31
4157,MSP,238,2015-12-31
4158,MSY,97,2015-12-31
4159,MTJ,8,2015-12-31
4160,MYR,8,2015-12-31
4161,OAJ,3,2015-12-31
4162,OAK,94,2015-12-31
4163,OGG,65,2015-12-31
4164,OKC,41,2015-12-31
4165,OMA,43,2015-12-31
4166,OME,2,2015-12-31
4167,ONT,40,2015-12-31
4168,ORD,721,2015-12-31
4169,ORF,19,2015-12-31
4170,ORH,2,2015-12-31
4171,OTH,1,2015-12-31
4172,OTZ,2,2015-12-31
4173,PAH,2,2015-12-31
4174,PBG,1,2015-12-31
4175,PBI,85,2015-12-31
4176,PDX,133,2015-12-31
4177,PHF,3,2015-12-31
4178,PHL,159,2015-12-31
4179,PHX,407,2015-12-31
4180,PIA,13,2015-12-31
4181,PIB,2,2015-12-31
4182,PIH,1,2015-12-31
4183,PIT,55,2015-12-31
4184,PLN,2,2015-12-31
4185,PNS,14,2015-12-31
4186,PSC,7,2015-12-31
4187,PSE,3,2015-12-31
4188,PSG,2,2015-12-31
4189,PSP,28,2015-12-31
4190,PVD,27,2015-12-31
4191,PWM,14,2015-12-31
4192,RAP,9,2015-12-31
4193,RDD,2,2015-12-31
4194,RDM,6,2015-12-31
4195,RDU,74,2015-12-31
4196,RHI,3,2015-12-31
4197,RIC,30,2015-12-31
4198,RKS,2,2015-12-31
4199,RNO,31,2015-12-31
4200,ROA,4,2015-12-31
4201,ROC,21,2015-12-31
4202,ROW,3,2015-12-31
4203,RST,3,2015-12-31
4204,RSW,102,2015-12-31
4205,SAF,3,2015-12-31
4206,SAN,171,2015-12-31
4207,SAT,70,2015-12-31
4208,SAV,14,2015-12-31
4209,SBA,12,2015-12-31
4210,SBN,9,2015-12-31
4211,SBP,6,2015-12-31
4212,SCC,2,2015-12-31
4213,SCE,2,2015-12-31
4214,SDF,19,2015-12-31
4215,SEA,308,2015-12-31
4216,SFO,372,2015-12-31
4217,SGF,17,2015-12-31
4218,SGU,4,2015-12-31
4219,SHV,14,2015-12-31
4220,SIT,3,2015-12-31
4221,SJC,77,2015-12-31
4222,SJT,5,2015-12-31
4223,SJU,91,2015-12-31
4224,SLC,224,2015-12-31
4225,SMF,77,2015-12-31
4226,SMX,2,2015-12-31
4227,SNA,87,2015-12-31
4228,SPI,5,2015-12-31
4229,SPS,3,2015-12-31
4230,SRQ,13,2015-12-31
4231,STL,108,2015-12-31
4232,STT,16,2015-12-31
4233,STX,3,2015-12-31
4234,SUN,4,2015-12-31
4235,SUX,2,2015-12-31
4236,SWF,2,2015-12-31
4237,SYR,15,2015-12-31
4238,TLH,6,2015-12-31
4239,TOL,3,2015-12-31
4240,TPA,182,2015-12-31
4241,TRI,4,2015-12-31
4242,TTN,8,2015-12-31
4243,TUL,31,2015-12-31
4244,TUS,42,2015-12-31
4245,TVC,5,2015-12-31
4246,TWF,2,2015-12-31
4247,TXK,3,2015-12-31
4248,TYR,5,2015-12-31
4249,TYS,16,2015-12-31
4250,VLD,2,2015-12-31
4251,VPS,12,2015-12-31
4252,WRG,2,2015-12-31
4253,XNA,17,2015-12-31
4254,YAK,2,2015-12-31
4255,YUM,6,2015-12-31
